fill	group	level	x	y	piece
#55B1F7	1	0.002	0.603546152891242	0.0454545454545455	1
#55B1F7	1	0.002	0.596418732782369	0.0505211864260016	1
#55B1F7	1	0.002	0.591369951683617	0.0546372819100091	1
#55B1F7	1	0.002	0.587235996326905	0.0581333932885275	1
#55B1F7	1	0.002	0.581194880692938	0.0638200183654729	1
#55B1F7	1	0.002	0.578053259871442	0.0669782462213156	1
#55B1F7	1	0.002	0.572508328477657	0.0730027548209366	1
#55B1F7	1	0.002	0.568870523415978	0.0773501129385985	1
#55B1F7	1	0.002	0.565015586267355	0.0821854912764004	1
#55B1F7	1	0.002	0.559687786960514	0.0897571737958954	1
#55B1F7	1	0.002	0.558575732613425	0.0913682277318641	1
#55B1F7	1	0.002	0.552855803959088	0.100550964187328	1
#55B1F7	1	0.002	0.55050505050505	0.104929279309046	1
#55B1F7	1	0.002	0.547873569919647	0.109733700642792	1
#55B1F7	1	0.002	0.543529208457397	0.118916437098255	1
#55B1F7	1	0.002	0.541322314049587	0.124388460585988	1
#55B1F7	1	0.002	0.53973680102495	0.128099173553719	1
#55B1F7	1	0.002	0.536325667774034	0.137281910009183	1
#55B1F7	1	0.002	0.533503030523184	0.146464646464646	1
#55B1F7	1	0.002	0.532139577594123	0.151703307075345	1
#55B1F7	1	0.002	0.531003550984239	0.15564738292011	1
#55B1F7	1	0.002	0.528760838802703	0.164830119375574	1
#55B1F7	1	0.002	0.526939986458666	0.174012855831038	1
#55B1F7	1	0.002	0.525489997051796	0.183195592286501	1
#55B1F7	1	0.002	0.524374121148173	0.192378328741965	1
#55B1F7	1	0.002	0.523566793373446	0.201561065197429	1
#55B1F7	1	0.002	0.523051010358172	0.210743801652893	1
#55B1F7	1	0.002	0.522956841138659	0.214425893312427	1
#55B1F7	1	0.002	0.522790893865126	0.219926538108356	1
#55B1F7	1	0.002	0.522836781382904	0.22910927456382	1
#55B1F7	1	0.002	0.522956841138659	0.232193867811743	1
#55B1F7	1	0.002	0.523161991019478	0.238292011019284	1
#55B1F7	1	0.002	0.523731224449604	0.247474747474747	1
#55B1F7	1	0.002	0.524551706843214	0.256657483930211	1
#55B1F7	1	0.002	0.525604579497112	0.265840220385675	1
#55B1F7	1	0.002	0.526858114274356	0.275022956841139	1
#55B1F7	1	0.002	0.528262107518567	0.284205693296602	1
#55B1F7	1	0.002	0.529741866676818	0.293388429752066	1
#55B1F7	1	0.002	0.531192994056931	0.30257116620753	1
#55B1F7	1	0.002	0.532139577594123	0.309410310795164	1
#55B1F7	1	0.002	0.532438695838377	0.311753902662994	1
#55B1F7	1	0.002	0.533284916291184	0.320936639118457	1
#55B1F7	1	0.002	0.533688455946539	0.330119375573921	1
#55B1F7	1	0.002	0.533499538317268	0.339302112029385	1
#55B1F7	1	0.002	0.532606936784344	0.348484848484849	1
#55B1F7	1	0.002	0.532139577594123	0.351107595014823	1
#55B1F7	1	0.002	0.530831498989278	0.357667584940312	1
#55B1F7	1	0.002	0.528233165838217	0.366850321395776	1
#55B1F7	1	0.002	0.52501755776774	0.37603305785124	1
#55B1F7	1	0.002	0.522956841138659	0.38115187878458	1
#55B1F7	1	0.002	0.521189421639456	0.385215794306703	1
#55B1F7	1	0.002	0.516888088843029	0.394398530762167	1
#55B1F7	1	0.002	0.513774104683196	0.40094221117803	1
#55B1F7	1	0.002	0.512414992057609	0.403581267217631	1
#55B1F7	1	0.002	0.507649244133335	0.412764003673095	1
#55B1F7	1	0.002	0.504591368227732	0.418895764142908	1
#55B1F7	1	0.002	0.502900078836689	0.421946740128558	1
#55B1F7	1	0.002	0.497947124769985	0.431129476584022	1
#55B1F7	1	0.002	0.495408631772268	0.436083907554823	1
#55B1F7	1	0.002	0.492865604519066	0.440312213039486	1
#55B1F7	1	0.002	0.487552648209604	0.449494949494949	1
#55B1F7	1	0.002	0.486225895316804	0.451870514887736	1
#55B1F7	1	0.002	0.481334734790565	0.458677685950413	1
#55B1F7	1	0.002	0.477043158861341	0.464797642814388	1
#55B1F7	1	0.002	0.473856608363248	0.467860422405877	1
#55B1F7	1	0.002	0.467860422405877	0.473587597447914	1
#55B1F7	1	0.002	0.460124429049004	0.477043158861341	1
#55B1F7	1	0.002	0.458677685950413	0.477672486639622	1
#55B1F7	1	0.002	0.449494949494949	0.477305133219666	1
#55B1F7	1	0.002	0.448938000532316	0.477043158861341	1
#55B1F7	1	0.002	0.440312213039486	0.473309250300237	1
#55B1F7	1	0.002	0.432792007635228	0.467860422405877	1
#55B1F7	1	0.002	0.431129476584022	0.466753470282992	1
#55B1F7	1	0.002	0.421946808611141	0.458677685950413	1
#55B1F7	1	0.002	0.421946740128558	0.458677630580934	1
#55B1F7	1	0.002	0.412764003673095	0.44987484163871	1
#55B1F7	1	0.002	0.412404600382899	0.449494949494949	1
#55B1F7	1	0.002	0.403581267217631	0.440940722483095	1
#55B1F7	1	0.002	0.402961323766541	0.440312213039486	1
#55B1F7	1	0.002	0.394398530762167	0.432249159685442	1
#55B1F7	1	0.002	0.393208622963137	0.431129476584022	1
#55B1F7	1	0.002	0.385215794306703	0.424033171649174	1
#55B1F7	1	0.002	0.382762486254108	0.421946740128558	1
#55B1F7	1	0.002	0.37603305785124	0.416447802046613	1
#55B1F7	1	0.002	0.371124776326361	0.412764003673095	1
#55B1F7	1	0.002	0.366850321395776	0.409618918462815	1
#55B1F7	1	0.002	0.357667584940312	0.403669524252516	1
#55B1F7	1	0.002	0.357514923221938	0.403581267217631	1
#55B1F7	1	0.002	0.348484848484848	0.398294598300845	1
#55B1F7	1	0.002	0.340189290531791	0.394398530762167	1
#55B1F7	1	0.002	0.339302112029385	0.393966083446287	1
#55B1F7	1	0.002	0.330119375573921	0.390226122919344	1
#55B1F7	1	0.002	0.320936639118457	0.387451545996355	1
#55B1F7	1	0.002	0.311753902662993	0.385540785348116	1
#55B1F7	1	0.002	0.309139975930132	0.385215794306703	1
#55B1F7	1	0.002	0.30257116620753	0.384305422157692	1
#55B1F7	1	0.002	0.293388429752066	0.383878939959783	1
#55B1F7	1	0.002	0.284205693296602	0.384295116085834	1
#55B1F7	1	0.002	0.277572326925994	0.385215794306703	1
#55B1F7	1	0.002	0.275022956841139	0.385530401034404	1
#55B1F7	1	0.002	0.265840220385675	0.387453546106891	1
#55B1F7	1	0.002	0.256657483930211	0.390278378804934	1
#55B1F7	1	0.002	0.247474747474747	0.394151154933495	1
#55B1F7	1	0.002	0.246993343128246	0.394398530762167	1
#55B1F7	1	0.002	0.238292011019284	0.398683019286867	1
#55B1F7	1	0.002	0.230485941976135	0.403581267217631	1
#55B1F7	1	0.002	0.22910927456382	0.404432266709029	1
#55B1F7	1	0.002	0.219926538108356	0.411142479487208	1
#55B1F7	1	0.002	0.218003613954524	0.412764003673095	1
#55B1F7	1	0.002	0.210743801652893	0.419072006966252	1
#55B1F7	1	0.002	0.207811133460636	0.421946740128558	1
#55B1F7	1	0.002	0.201561065197429	0.428442975525252	1
#55B1F7	1	0.002	0.199183260563738	0.431129476584022	1
#55B1F7	1	0.002	0.192378328741965	0.439518077949172	1
#55B1F7	1	0.002	0.191764007150853	0.440312213039486	1
#55B1F7	1	0.002	0.185156430705971	0.449494949494949	1
#55B1F7	1	0.002	0.183195592286501	0.452557049383405	1
#55B1F7	1	0.002	0.17928891541043	0.458677685950413	1
#55B1F7	1	0.002	0.174240633374239	0.467860422405877	1
#55B1F7	1	0.002	0.174012855831038	0.468313075625475	1
#55B1F7	1	0.002	0.16943726202963	0.477043158861341	1
#55B1F7	1	0.002	0.165410437672095	0.486225895316804	1
#55B1F7	1	0.002	0.164830119375574	0.487701834849444	1
#55B1F7	1	0.002	0.161535241339629	0.495408631772268	1
#55B1F7	1	0.002	0.158208634873001	0.504591368227732	1
#55B1F7	1	0.002	0.15564738292011	0.51301781682691	1
#55B1F7	1	0.002	0.155386967697177	0.513774104683196	1
#55B1F7	1	0.002	0.152583829260413	0.522956841138659	1
#55B1F7	1	0.002	0.150268552484643	0.532139577594123	1
#55B1F7	1	0.002	0.148376060571648	0.541322314049587	1
#55B1F7	1	0.002	0.146852523575168	0.55050505050505	1
#55B1F7	1	0.002	0.146464646464646	0.553404549635157	1
#55B1F7	1	0.002	0.14545794681645	0.559687786960514	1
#55B1F7	1	0.002	0.144325256980754	0.568870523415978	1
#55B1F7	1	0.002	0.143504963635774	0.578053259871442	1
#55B1F7	1	0.002	0.142959065052648	0.587235996326905	1
#55B1F7	1	0.002	0.142654073809865	0.596418732782369	1
#55B1F7	1	0.002	0.142561211794821	0.605601469237833	1
#55B1F7	1	0.002	0.142656938801027	0.614784205693297	1
#55B1F7	1	0.002	0.142923645060655	0.62396694214876	1
#55B1F7	1	0.002	0.143350353996139	0.633149678604224	1
#55B1F7	1	0.002	0.143933319898195	0.642332415059688	1
#55B1F7	1	0.002	0.144676460802166	0.651515151515152	1
#55B1F7	1	0.002	0.145591629284248	0.660697887970615	1
#55B1F7	1	0.002	0.146464646464646	0.667976080869967	1
#55B1F7	1	0.002	0.146658495486132	0.669880624426079	1
#55B1F7	1	0.002	0.147760914868653	0.679063360881543	1
#55B1F7	1	0.002	0.149082952884002	0.688246097337006	1
#55B1F7	1	0.002	0.150664260647841	0.69742883379247	1
#55B1F7	1	0.002	0.152553129362463	0.706611570247934	1
#55B1F7	1	0.002	0.154807877419078	0.715794306703398	1
#55B1F7	1	0.002	0.15564738292011	0.718785689097806	1
#55B1F7	1	0.002	0.157238393480336	0.724977043158861	1
#55B1F7	1	0.002	0.160007640639357	0.734159779614325	1
#55B1F7	1	0.002	0.163326273238599	0.743342516069789	1
#55B1F7	1	0.002	0.164830119375574	0.747001073358663	1
#55B1F7	1	0.002	0.167021700947896	0.752525252525253	1
#55B1F7	1	0.002	0.171262284283566	0.761707988980716	1
#55B1F7	1	0.002	0.174012855831038	0.766880167288667	1
#55B1F7	1	0.002	0.176166896062412	0.77089072543618	1
#55B1F7	1	0.002	0.181810423548813	0.780073461891644	1
#55B1F7	1	0.002	0.183195592286501	0.782113325083224	1
#55B1F7	1	0.002	0.188332571116867	0.789256198347107	1
#55B1F7	1	0.002	0.192378328741965	0.794281159272784	1
#55B1F7	1	0.002	0.196071897510266	0.798438934802571	1
#55B1F7	1	0.002	0.201561065197429	0.80414410542005	1
#55B1F7	1	0.002	0.205421122954647	0.807621671258035	1
#55B1F7	1	0.002	0.210743801652893	0.812198587673195	1
#55B1F7	1	0.002	0.217238887775315	0.816804407713499	1
#55B1F7	1	0.002	0.219926538108356	0.818685536887472	1
#55B1F7	1	0.002	0.22910927456382	0.823883875258216	1
#55B1F7	1	0.002	0.234045153482527	0.825987144168962	1
#55B1F7	1	0.002	0.238292011019284	0.827870941441884	1
#55B1F7	1	0.002	0.247474747474747	0.830800839936966	1
#55B1F7	1	0.002	0.256657483930211	0.832604848464325	1
#55B1F7	1	0.002	0.265840220385675	0.833398025185969	1
#55B1F7	1	0.002	0.275022956841139	0.833245613738725	1
#55B1F7	1	0.002	0.284205693296602	0.832170274103912	1
#55B1F7	1	0.002	0.293388429752066	0.830156146641559	1
#55B1F7	1	0.002	0.30257116620753	0.827150590725069	1
#55B1F7	1	0.002	0.305297628240439	0.825987144168962	1
#55B1F7	1	0.002	0.311753902662993	0.823427314702063	1
#55B1F7	1	0.002	0.320936639118457	0.818811841483192	1
#55B1F7	1	0.002	0.324300284763075	0.816804407713499	1
#55B1F7	1	0.002	0.330119375573921	0.813470927184232	1
#55B1F7	1	0.002	0.338753628015311	0.807621671258035	1
#55B1F7	1	0.002	0.339302112029385	0.807257696246772	1
#55B1F7	1	0.002	0.348484848484848	0.800523957672254	1
#55B1F7	1	0.002	0.351074575912567	0.798438934802571	1
#55B1F7	1	0.002	0.357667584940312	0.793092714441037	1
#55B1F7	1	0.002	0.362083344115529	0.789256198347107	1
#55B1F7	1	0.002	0.366850321395776	0.785007600081823	1
#55B1F7	1	0.002	0.37216343952926	0.780073461891644	1
#55B1F7	1	0.002	0.37603305785124	0.776320603836427	1
#55B1F7	1	0.002	0.381547958910346	0.77089072543618	1
#55B1F7	1	0.002	0.385215794306703	0.767053815381578	1
#55B1F7	1	0.002	0.390373887024225	0.761707988980716	1
#55B1F7	1	0.002	0.394398530762167	0.757204035986374	1
#55B1F7	1	0.002	0.398716541991544	0.752525252525253	1
#55B1F7	1	0.002	0.403581267217631	0.746751709456228	1
#55B1F7	1	0.002	0.406613260589781	0.743342516069789	1
#55B1F7	1	0.002	0.412764003673095	0.735683814456372	1
#55B1F7	1	0.002	0.41408357489961	0.734159779614325	1
#55B1F7	1	0.002	0.421289529166118	0.724977043158861	1
#55B1F7	1	0.002	0.421946740128558	0.724050085107034	1
#55B1F7	1	0.002	0.428470488568437	0.715794306703398	1
#55B1F7	1	0.002	0.431129476584022	0.712029095270963	1
#55B1F7	1	0.002	0.435521563052047	0.706611570247934	1
#55B1F7	1	0.002	0.440312213039486	0.700115558626815	1
#55B1F7	1	0.002	0.44268378916432	0.69742883379247	1
#55B1F7	1	0.002	0.449494949494949	0.689198532145669	1
#55B1F7	1	0.002	0.450505911491836	0.688246097337006	1
#55B1F7	1	0.002	0.458677685950413	0.680352876782429	1
#55B1F7	1	0.002	0.460644429139651	0.679063360881543	1
#55B1F7	1	0.002	0.467860422405877	0.674412408283356	1
#55B1F7	1	0.002	0.477043158861341	0.671633384861695	1
#55B1F7	1	0.002	0.486225895316804	0.67172831567766	1
#55B1F7	1	0.002	0.495408631772268	0.674173010445919	1
#55B1F7	1	0.002	0.504591368227732	0.678361701380962	1
#55B1F7	1	0.002	0.505688138212506	0.679063360881543	1
#55B1F7	1	0.002	0.513774104683196	0.68392741293492	1
#55B1F7	1	0.002	0.519823149068021	0.688246097337006	1
#55B1F7	1	0.002	0.522956841138659	0.690378825752189	1
#55B1F7	1	0.002	0.532139577594123	0.697425195674706	1
#55B1F7	1	0.002	0.532143856453595	0.69742883379247	1
#55B1F7	1	0.002	0.541322314049587	0.704949565586671	1
#55B1F7	1	0.002	0.543276493887637	0.706611570247934	1
#55B1F7	1	0.002	0.55050505050505	0.712587010056099	1
#55B1F7	1	0.002	0.554374782804139	0.715794306703398	1
#55B1F7	1	0.002	0.559687786960514	0.720106400091825	1
#55B1F7	1	0.002	0.565888022664873	0.724977043158861	1
#55B1F7	1	0.002	0.568870523415978	0.727288792359396	1
#55B1F7	1	0.002	0.578053259871442	0.733950875133076	1
#55B1F7	1	0.002	0.578362992682475	0.734159779614325	1
#55B1F7	1	0.002	0.587235996326905	0.74015594441143	1
#55B1F7	1	0.002	0.59268149482275	0.743342516069789	1
#55B1F7	1	0.002	0.596418732782369	0.745560510340952	1
#55B1F7	1	0.002	0.605601469237833	0.75023091209727	1
#55B1F7	1	0.002	0.611141762647643	0.752525252525253	1
#55B1F7	1	0.002	0.614784205693297	0.754093099025865	1
#55B1F7	1	0.002	0.62396694214876	0.75722121389986	1
#55B1F7	1	0.002	0.633149678604224	0.759462788477129	1
#55B1F7	1	0.002	0.642332415059688	0.760869361762506	1
#55B1F7	1	0.002	0.651515151515151	0.761464327891075	1
#55B1F7	1	0.002	0.660697887970615	0.761241033843258	1
#55B1F7	1	0.002	0.669880624426079	0.760160275373633	1
#55B1F7	1	0.002	0.679063360881543	0.758146398238072	1
#55B1F7	1	0.002	0.688246097337006	0.755081239856888	1
#55B1F7	1	0.002	0.693870891910183	0.752525252525253	1
#55B1F7	1	0.002	0.69742883379247	0.750923785132058	1
#55B1F7	1	0.002	0.706611570247934	0.745601682712785	1
#55B1F7	1	0.002	0.709784066871063	0.743342516069789	1
#55B1F7	1	0.002	0.715794306703398	0.738921818874962	1
#55B1F7	1	0.002	0.72120738952068	0.734159779614325	1
#55B1F7	1	0.002	0.724977043158861	0.730642345894566	1
#55B1F7	1	0.002	0.730288599678704	0.724977043158861	1
#55B1F7	1	0.002	0.734159779614325	0.720479831423296	1
#55B1F7	1	0.002	0.737832129831702	0.715794306703398	1
#55B1F7	1	0.002	0.743342516069789	0.707932313033237	1
#55B1F7	1	0.002	0.744216484275018	0.706611570247934	1
#55B1F7	1	0.002	0.749782733508862	0.69742883379247	1
#55B1F7	1	0.002	0.752525252525252	0.692255596553794	1
#55B1F7	1	0.002	0.754617232771776	0.688246097337006	1
#55B1F7	1	0.002	0.758888586687461	0.679063360881543	1
#55B1F7	1	0.002	0.761707988980716	0.672079584880554	1
#55B1F7	1	0.002	0.762615602194191	0.669880624426079	1
#55B1F7	1	0.002	0.766065848697031	0.660697887970615	1
#55B1F7	1	0.002	0.769063077113837	0.651515151515152	1
#55B1F7	1	0.002	0.77089072543618	0.645246293442156	1
#55B1F7	1	0.002	0.771794798803991	0.642332415059688	1
#55B1F7	1	0.002	0.77442834186394	0.633149678604224	1
#55B1F7	1	0.002	0.776798544887174	0.62396694214876	1
#55B1F7	1	0.002	0.778955372526566	0.614784205693297	1
#55B1F7	1	0.002	0.780073461891644	0.609694217946096	1
#55B1F7	1	0.002	0.781064956660613	0.605601469237833	1
#55B1F7	1	0.002	0.783169089758069	0.596418732782369	1
#55B1F7	1	0.002	0.785119109943851	0.587235996326905	1
#55B1F7	1	0.002	0.786924689887357	0.578053259871442	1
#55B1F7	1	0.002	0.788589892493535	0.568870523415978	1
#55B1F7	1	0.002	0.789256198347107	0.564917357805279	1
#55B1F7	1	0.002	0.79025382839848	0.559687786960514	1
#55B1F7	1	0.002	0.791858677808817	0.55050505050505	1
#55B1F7	1	0.002	0.793299259026025	0.541322314049587	1
#55B1F7	1	0.002	0.794583899967069	0.532139577594123	1
#55B1F7	1	0.002	0.795728187211124	0.522956841138659	1
#55B1F7	1	0.002	0.796756660338664	0.513774104683196	1
#55B1F7	1	0.002	0.797704062923881	0.504591368227732	1
#55B1F7	1	0.002	0.798438934802571	0.497191714936041	1
#55B1F7	1	0.002	0.798642372576074	0.495408631772268	1
#55B1F7	1	0.002	0.799707648438756	0.486225895316804	1
#55B1F7	1	0.002	0.800858160793032	0.477043158861341	1
#55B1F7	1	0.002	0.802169318318881	0.467860422405877	1
#55B1F7	1	0.002	0.803713533300005	0.458677685950413	1
#55B1F7	1	0.002	0.80555140051168	0.449494949494949	1
#55B1F7	1	0.002	0.807621671258035	0.440738337337643	1
#55B1F7	1	0.002	0.807733592314175	0.440312213039486	1
#55B1F7	1	0.002	0.810509121273423	0.431129476584022	1
#55B1F7	1	0.002	0.813573986426008	0.421946740128558	1
#55B1F7	1	0.002	0.816804407713498	0.412895651328328	1
#55B1F7	1	0.002	0.816854765228696	0.412764003673095	1
#55B1F7	1	0.002	0.8205451786684	0.403581267217631	1
#55B1F7	1	0.002	0.824170764013206	0.394398530762167	1
#55B1F7	1	0.002	0.825987144168962	0.389668604090996	1
#55B1F7	1	0.002	0.827777244740655	0.385215794306703	1
#55B1F7	1	0.002	0.831244981319643	0.37603305785124	1
#55B1F7	1	0.002	0.834345292180134	0.366850321395776	1
#55B1F7	1	0.002	0.835169880624426	0.364149206898973	1
#55B1F7	1	0.002	0.837251397877431	0.357667584940312	1
#55B1F7	1	0.002	0.83981685512141	0.348484848484849	1
#55B1F7	1	0.002	0.841993648693539	0.339302112029385	1
#55B1F7	1	0.002	0.843832393065408	0.330119375573921	1
#55B1F7	1	0.002	0.84435261707989	0.327124373527743	1
#55B1F7	1	0.002	0.845517060804187	0.320936639118457	1
#55B1F7	1	0.002	0.847025603298106	0.311753902662994	1
#55B1F7	1	0.002	0.848369068805993	0.30257116620753	1
#55B1F7	1	0.002	0.849616435677741	0.293388429752066	1
#55B1F7	1	0.002	0.850828108296125	0.284205693296602	1
#55B1F7	1	0.002	0.852051573188131	0.275022956841139	1
#55B1F7	1	0.002	0.853317749511945	0.265840220385675	1
#55B1F7	1	0.002	0.853535353535353	0.264358383078149	1
#55B1F7	1	0.002	0.854800231530041	0.256657483930211	1
#55B1F7	1	0.002	0.856370182231529	0.247474747474747	1
#55B1F7	1	0.002	0.857968038537752	0.238292011019284	1
#55B1F7	1	0.002	0.859551236255356	0.22910927456382	1
#55B1F7	1	0.002	0.861067805132545	0.219926538108356	1
#55B1F7	1	0.002	0.862461349676237	0.210743801652893	1
#55B1F7	1	0.002	0.862718089990817	0.208823392983902	1
#55B1F7	1	0.002	0.863827125009805	0.201561065197429	1
#55B1F7	1	0.002	0.864957673731188	0.192378328741965	1
#55B1F7	1	0.002	0.865750038506147	0.183195592286501	1
#55B1F7	1	0.002	0.866143354966689	0.174012855831038	1
#55B1F7	1	0.002	0.866074758535636	0.164830119375574	1
#55B1F7	1	0.002	0.865475471742358	0.15564738292011	1
#55B1F7	1	0.002	0.864265956905543	0.146464646464646	1
#55B1F7	1	0.002	0.862718089990817	0.138985142166642	1
#55B1F7	1	0.002	0.862398302634375	0.137281910009183	1
#55B1F7	1	0.002	0.860013754742551	0.128099173553719	1
#55B1F7	1	0.002	0.856774358541941	0.118916437098255	1
#55B1F7	1	0.002	0.853535353535353	0.111813878429142	1
#55B1F7	1	0.002	0.852630772200418	0.109733700642792	1
#55B1F7	1	0.002	0.847772573044669	0.100550964187328	1
#55B1F7	1	0.002	0.84435261707989	0.0952630186213133	1
#55B1F7	1	0.002	0.841855783576587	0.0913682277318641	1
#55B1F7	1	0.002	0.835169880624426	0.0826246624270712	1
#55B1F7	1	0.002	0.834828037767911	0.0821854912764004	1
#55B1F7	1	0.002	0.826713855466242	0.0730027548209366	1
#55B1F7	1	0.002	0.825987144168962	0.0722631373968879	1
#55B1F7	1	0.002	0.817192290323234	0.0638200183654729	1
#55B1F7	1	0.002	0.816804407713498	0.0634758892521717	1
#55B1F7	1	0.002	0.807621671258035	0.0558356840135887	1
#55B1F7	1	0.002	0.806034184777144	0.0546372819100091	1
#55B1F7	1	0.002	0.798438934802571	0.0491141821496133	1
#55B1F7	1	0.002	0.792694199514303	0.0454545454545455	1
#4998D6	2	0.004	0.174012855831038	0.55974522685038	2
#4998D6	2	0.004	0.172739505640488	0.568870523415978	2
#4998D6	2	0.004	0.171780266371474	0.578053259871442	2
#4998D6	2	0.004	0.171107597293007	0.587235996326905	2
#4998D6	2	0.004	0.17069255586235	0.596418732782369	2
#4998D6	2	0.004	0.170512709694913	0.605601469237833	2
#4998D6	2	0.004	0.170552131794013	0.614784205693297	2
#4998D6	2	0.004	0.170801597327925	0.62396694214876	2
#4998D6	2	0.004	0.17125888710316	0.633149678604224	2
#4998D6	2	0.004	0.171929128773891	0.642332415059688	2
#4998D6	2	0.004	0.172825142349612	0.651515151515152	2
#4998D6	2	0.004	0.173967797158744	0.660697887970615	2
#4998D6	2	0.004	0.174012855831038	0.660998936228835	2
#4998D6	2	0.004	0.175232610170677	0.669880624426079	2
#4998D6	2	0.004	0.176778977338408	0.679063360881543	2
#4998D6	2	0.004	0.178657382674149	0.688246097337006	2
#4998D6	2	0.004	0.180923319204816	0.69742883379247	2
#4998D6	2	0.004	0.183195592286501	0.705170093522292	2
#4998D6	2	0.004	0.183608657579955	0.706611570247934	2
#4998D6	2	0.004	0.186617620950573	0.715794306703398	2
#4998D6	2	0.004	0.190229623585735	0.724977043158861	2
#4998D6	2	0.004	0.192378328741965	0.729716384686225	2
#4998D6	2	0.004	0.194460830347343	0.734159779614325	2
#4998D6	2	0.004	0.19943252537452	0.743342516069789	2
#4998D6	2	0.004	0.201561065197429	0.746811192457968	2
#4998D6	2	0.004	0.205380753833925	0.752525252525253	2
#4998D6	2	0.004	0.210743801652893	0.759570071748327	2
#4998D6	2	0.004	0.212604415922106	0.761707988980716	2
#4998D6	2	0.004	0.219926538108356	0.769350017764854	2
#4998D6	2	0.004	0.221711532777172	0.77089072543618	2
#4998D6	2	0.004	0.22910927456382	0.776885845649212	2
#4998D6	2	0.004	0.234206685220379	0.780073461891644	2
#4998D6	2	0.004	0.238292011019284	0.782551602371104	2
#4998D6	2	0.004	0.247474747474747	0.786638436861442	2
#4998D6	2	0.004	0.256657483930211	0.789255038221714	2
#4998D6	2	0.004	0.256665198679373	0.789256198347107	2
#4998D6	2	0.004	0.265840220385675	0.790692088899693	2
#4998D6	2	0.004	0.275022956841139	0.790893664315356	2
#4998D6	2	0.004	0.284205693296602	0.789925853034583	2
#4998D6	2	0.004	0.287140466409649	0.789256198347107	2
#4998D6	2	0.004	0.293388429752066	0.787914583982578	2
#4998D6	2	0.004	0.30257116620753	0.784869052322161	2
#4998D6	2	0.004	0.311753902662993	0.780675177836651	2
#4998D6	2	0.004	0.312824120781925	0.780073461891644	2
#4998D6	2	0.004	0.320936639118457	0.775574889084157	2
#4998D6	2	0.004	0.327845694910029	0.77089072543618	2
#4998D6	2	0.004	0.330119375573921	0.769337043464695	2
#4998D6	2	0.004	0.339302112029385	0.762038319846358	2
#4998D6	2	0.004	0.339678568050085	0.761707988980716	2
#4998D6	2	0.004	0.348484848484848	0.75365154186241	2
#4998D6	2	0.004	0.349617680797014	0.752525252525253	2
#4998D6	2	0.004	0.357667584940312	0.743993467230873	2
#4998D6	2	0.004	0.358251215537744	0.743342516069789	2
#4998D6	2	0.004	0.365902637311847	0.734159779614325	2
#4998D6	2	0.004	0.366850321395776	0.73291317797672	2
#4998D6	2	0.004	0.372789205792125	0.724977043158861	2
#4998D6	2	0.004	0.37603305785124	0.72008656282883	2
#4998D6	2	0.004	0.378921498742161	0.715794306703398	2
#4998D6	2	0.004	0.384363627547109	0.706611570247934	2
#4998D6	2	0.004	0.385215794306703	0.705001507725278	2
#4998D6	2	0.004	0.389431575597664	0.69742883379247	2
#4998D6	2	0.004	0.393794406469594	0.688246097337006	2
#4998D6	2	0.004	0.394398530762167	0.686813216679183	2
#4998D6	2	0.004	0.397966546682013	0.679063360881543	2
#4998D6	2	0.004	0.401582986914487	0.669880624426079	2
#4998D6	2	0.004	0.403581267217631	0.664001354215395	2
#4998D6	2	0.004	0.404856440116781	0.660697887970615	2
#4998D6	2	0.004	0.407966258005018	0.651515151515152	2
#4998D6	2	0.004	0.410613980652746	0.642332415059688	2
#4998D6	2	0.004	0.412764003673095	0.633530505964342	2
#4998D6	2	0.004	0.412875112346948	0.633149678604224	2
#4998D6	2	0.004	0.415176407141366	0.62396694214876	2
#4998D6	2	0.004	0.417059470786753	0.614784205693297	2
#4998D6	2	0.004	0.418531591712259	0.605601469237833	2
#4998D6	2	0.004	0.41958731381958	0.596418732782369	2
#4998D6	2	0.004	0.420210531198171	0.587235996326905	2
#4998D6	2	0.004	0.420376036060494	0.578053259871442	2
#4998D6	2	0.004	0.420050320864202	0.568870523415978	2
#4998D6	2	0.004	0.419191456360077	0.559687786960514	2
#4998D6	2	0.004	0.417747908631774	0.55050505050505	2
#4998D6	2	0.004	0.415656187924187	0.541322314049587	2
#4998D6	2	0.004	0.412837210821731	0.532139577594123	2
#4998D6	2	0.004	0.412764003673095	0.531947932394672	2
#4998D6	2	0.004	0.409851856577939	0.522956841138659	2
#4998D6	2	0.004	0.40609898231531	0.513774104683196	2
#4998D6	2	0.004	0.403581267217631	0.508684841474345	2
#4998D6	2	0.004	0.40176252568226	0.504591368227732	2
#4998D6	2	0.004	0.396894983322978	0.495408631772268	2
#4998D6	2	0.004	0.394398530762167	0.491386482999784	2
#4998D6	2	0.004	0.391363857799401	0.486225895316804	2
#4998D6	2	0.004	0.385215794306703	0.477342719382406	2
#4998D6	2	0.004	0.385011092565927	0.477043158861341	2
#4998D6	2	0.004	0.377980683653855	0.467860422405877	2
#4998D6	2	0.004	0.37603305785124	0.465595903727441	2
#4998D6	2	0.004	0.369850442173012	0.458677685950413	2
#4998D6	2	0.004	0.366850321395776	0.455624135226924	2
#4998D6	2	0.004	0.360320981579943	0.449494949494949	2
#4998D6	2	0.004	0.357667584940312	0.447170199578212	2
#4998D6	2	0.004	0.34878180842996	0.440312213039486	2
#4998D6	2	0.004	0.348484848484848	0.440092546039278	2
#4998D6	2	0.004	0.339302112029385	0.434136327256541	2
#4998D6	2	0.004	0.333491261674653	0.431129476584022	2
#4998D6	2	0.004	0.330119375573921	0.429388278552956	2
#4998D6	2	0.004	0.320936639118457	0.425667683728643	2
#4998D6	2	0.004	0.311753902662993	0.423064666565102	2
#4998D6	2	0.004	0.30532842427533	0.421946740128558	2
#4998D6	2	0.004	0.30257116620753	0.421438706848966	2
#4998D6	2	0.004	0.293388429752066	0.420756245418537	2
#4998D6	2	0.004	0.284205693296602	0.421097483499604	2
#4998D6	2	0.004	0.278543999993388	0.421946740128558	2
#4998D6	2	0.004	0.275022956841139	0.422437450257232	2
#4998D6	2	0.004	0.265840220385675	0.424720153455958	2
#4998D6	2	0.004	0.256657483930211	0.428133724414755	2
#4998D6	2	0.004	0.250690071582893	0.431129476584022	2
#4998D6	2	0.004	0.247474747474747	0.432722595336033	2
#4998D6	2	0.004	0.238292011019284	0.438521472997669	2
#4998D6	2	0.004	0.235947404671011	0.440312213039486	2
#4998D6	2	0.004	0.22910927456382	0.445711145447056	2
#4998D6	2	0.004	0.22504592359554	0.449494949494949	2
#4998D6	2	0.004	0.219926538108356	0.454573946959274	2
#4998D6	2	0.004	0.216260321617147	0.458677685950413	2
#4998D6	2	0.004	0.210743801652893	0.465460918955318	2
#4998D6	2	0.004	0.208941731033293	0.467860422405877	2
#4998D6	2	0.004	0.202726609823335	0.477043158861341	2
#4998D6	2	0.004	0.201561065197429	0.478967904772017	2
#4998D6	2	0.004	0.197305697530922	0.486225895316804	2
#4998D6	2	0.004	0.192732819582607	0.495408631772268	2
#4998D6	2	0.004	0.192378328741965	0.496205044242664	2
#4998D6	2	0.004	0.188595137590931	0.504591368227732	2
#4998D6	2	0.004	0.185123353333598	0.513774104683196	2
#4998D6	2	0.004	0.183195592286501	0.519787250492871	2
#4998D6	2	0.004	0.182119759336799	0.522956841138659	2
#4998D6	2	0.004	0.179436515675395	0.532139577594123	2
#4998D6	2	0.004	0.177234538316534	0.541322314049587	2
#4998D6	2	0.004	0.175447265487145	0.55050505050505	2
#4998D6	2	0.004	0.174019990684618	0.559687786960514	2
#4998D6	2	0.004	0.174012855831038	0.55974522685038	2
#4998D6	3	0.004	0.513774104683196	0.497147250651333	3
#4998D6	3	0.004	0.511641642112284	0.504591368227732	3
#4998D6	3	0.004	0.509455704777538	0.513774104683196	3
#4998D6	3	0.004	0.507714770258476	0.522956841138659	3
#4998D6	3	0.004	0.506426325729262	0.532139577594123	3
#4998D6	3	0.004	0.505612395885184	0.541322314049587	3
#4998D6	3	0.004	0.505310882883229	0.55050505050505	3
#4998D6	3	0.004	0.505577408261463	0.559687786960514	3
#4998D6	3	0.004	0.506487828702066	0.568870523415978	3
#4998D6	3	0.004	0.508141639564143	0.578053259871442	3
#4998D6	3	0.004	0.510666573710116	0.587235996326905	3
#4998D6	3	0.004	0.513774104683196	0.595329843485039	3
#4998D6	3	0.004	0.514144660972587	0.596418732782369	3
#4998D6	3	0.004	0.518064172238847	0.605601469237833	3
#4998D6	3	0.004	0.522956841138659	0.614468826156137	3
#4998D6	3	0.004	0.523117376718228	0.614784205693297	3
#4998D6	3	0.004	0.528555331011704	0.62396694214876	3
#4998D6	3	0.004	0.532139577594123	0.629065145657703	3
#4998D6	3	0.004	0.534873788022074	0.633149678604224	3
#4998D6	3	0.004	0.541322314049587	0.641565256235031	3
#4998D6	3	0.004	0.541897815349385	0.642332415059688	3
#4998D6	3	0.004	0.549441279889914	0.651515151515152	3
#4998D6	3	0.004	0.55050505050505	0.652710820834365	3
#4998D6	3	0.004	0.557639752074626	0.660697887970615	3
#4998D6	3	0.004	0.559687786960514	0.662848400243901	3
#4998D6	3	0.004	0.566598119737825	0.669880624426079	3
#4998D6	3	0.004	0.568870523415978	0.672091240759502	3
#4998D6	3	0.004	0.576483761739346	0.679063360881543	3
#4998D6	3	0.004	0.578053259871442	0.680459201831189	3
#4998D6	3	0.004	0.587235996326905	0.687929037977387	3
#4998D6	3	0.004	0.587673374778035	0.688246097337006	3
#4998D6	3	0.004	0.596418732782369	0.69454176823029	3
#4998D6	3	0.004	0.601169167283251	0.69742883379247	3
#4998D6	3	0.004	0.605601469237833	0.700136889920928	3
#4998D6	3	0.004	0.614784205693297	0.704715780396122	3
#4998D6	3	0.004	0.61974126558743	0.706611570247934	3
#4998D6	3	0.004	0.62396694214876	0.708272192351466	3
#4998D6	3	0.004	0.633149678604224	0.710802355649152	3
#4998D6	3	0.004	0.642332415059688	0.712225314039341	3
#4998D6	3	0.004	0.651515151515151	0.712536163874898	3
#4998D6	3	0.004	0.660697887970615	0.711689869405173	3
#4998D6	3	0.004	0.669880624426079	0.709596461937265	3
#4998D6	3	0.004	0.677806935755752	0.706611570247934	3
#4998D6	3	0.004	0.679063360881543	0.706131605574159	3
#4998D6	3	0.004	0.688246097337006	0.701219075687166	3
#4998D6	3	0.004	0.69357705621181	0.69742883379247	3
#4998D6	3	0.004	0.69742883379247	0.694529498205114	3
#4998D6	3	0.004	0.704154659606169	0.688246097337006	3
#4998D6	3	0.004	0.706611570247934	0.685752489996618	3
#4998D6	3	0.004	0.712235067059544	0.679063360881543	3
#4998D6	3	0.004	0.715794306703398	0.674349002988508	3
#4998D6	3	0.004	0.718811491736377	0.669880624426079	3
#4998D6	3	0.004	0.724308928593057	0.660697887970615	3
#4998D6	3	0.004	0.724977043158861	0.65946968739676	3
#4998D6	3	0.004	0.729039829565562	0.651515151515152	3
#4998D6	3	0.004	0.733129293401871	0.642332415059688	3
#4998D6	3	0.004	0.734159779614325	0.639786063047591	3
#4998D6	3	0.004	0.736790896125825	0.633149678604224	3
#4998D6	3	0.004	0.74005147890867	0.62396694214876	3
#4998D6	3	0.004	0.742942390796445	0.614784205693297	3
#4998D6	3	0.004	0.743342516069789	0.613414060920803	3
#4998D6	3	0.004	0.745677216361125	0.605601469237833	3
#4998D6	3	0.004	0.748159082206526	0.596418732782369	3
#4998D6	3	0.004	0.750389404310434	0.587235996326905	3
#4998D6	3	0.004	0.752388373530243	0.578053259871442	3
#4998D6	3	0.004	0.752525252525252	0.577365127916935	3
#4998D6	3	0.004	0.754328315215715	0.568870523415978	3
#4998D6	3	0.004	0.756052198365134	0.559687786960514	3
#4998D6	3	0.004	0.757551924134104	0.55050505050505	3
#4998D6	3	0.004	0.758832675827815	0.541322314049587	3
#4998D6	3	0.004	0.759901736684967	0.532139577594123	3
#4998D6	3	0.004	0.760770334374108	0.522956841138659	3
#4998D6	3	0.004	0.761455402419027	0.513774104683196	3
#4998D6	3	0.004	0.761707988980716	0.509339542039737	3
#4998D6	3	0.004	0.76200863579355	0.504591368227732	3
#4998D6	3	0.004	0.762445976744463	0.495408631772268	3
#4998D6	3	0.004	0.762790108552332	0.486225895316804	3
#4998D6	3	0.004	0.763102375820004	0.477043158861341	3
#4998D6	3	0.004	0.763456983060498	0.467860422405877	3
#4998D6	3	0.004	0.763940318172889	0.458677685950413	3
#4998D6	3	0.004	0.764648677815364	0.449494949494949	3
#4998D6	3	0.004	0.765683696830685	0.440312213039486	3
#4998D6	3	0.004	0.767144738837089	0.431129476584022	3
#4998D6	3	0.004	0.769117734030785	0.421946740128558	3
#4998D6	3	0.004	0.77089072543618	0.41548481214983	3
#4998D6	3	0.004	0.77167998587573	0.412764003673095	3
#4998D6	3	0.004	0.774831822531317	0.403581267217631	3
#4998D6	3	0.004	0.778438351113661	0.394398530762167	3
#4998D6	3	0.004	0.780073461891644	0.390588120331073	3
#4998D6	3	0.004	0.782386638178203	0.385215794306703	3
#4998D6	3	0.004	0.786453188226113	0.37603305785124	3
#4998D6	3	0.004	0.789256198347107	0.369646391144445	3
#4998D6	3	0.004	0.79046242817922	0.366850321395776	3
#4998D6	3	0.004	0.794255904288142	0.357667584940312	3
#4998D6	3	0.004	0.797718012320787	0.348484848484849	3
#4998D6	3	0.004	0.798438934802571	0.346400724417904	3
#4998D6	3	0.004	0.800846103528358	0.339302112029385	3
#4998D6	3	0.004	0.80360294204201	0.330119375573921	3
#4998D6	3	0.004	0.806011640159493	0.320936639118457	3
#4998D6	3	0.004	0.807621671258035	0.314007467436088	3
#4998D6	3	0.004	0.808147356287797	0.311753902662994	3
#4998D6	3	0.004	0.810116003605107	0.30257116620753	3
#4998D6	3	0.004	0.811924651634346	0.293388429752066	3
#4998D6	3	0.004	0.813636323574429	0.284205693296602	3
#4998D6	3	0.004	0.81530162851065	0.275022956841139	3
#4998D6	3	0.004	0.816804407713498	0.266696265470898	3
#4998D6	3	0.004	0.816965076999256	0.265840220385675	3
#4998D6	3	0.004	0.818740107391829	0.256657483930211	3
#4998D6	3	0.004	0.820515863147538	0.247474747474747	3
#4998D6	3	0.004	0.822266437159257	0.238292011019284	3
#4998D6	3	0.004	0.82395070745876	0.22910927456382	3
#4998D6	3	0.004	0.825516933873953	0.219926538108356	3
#4998D6	3	0.004	0.825987144168962	0.216856681144581	3
#4998D6	3	0.004	0.826992468276573	0.210743801652893	3
#4998D6	3	0.004	0.828252485154979	0.201561065197429	3
#4998D6	3	0.004	0.829186029659711	0.192378328741965	3
#4998D6	3	0.004	0.829725599823446	0.183195592286501	3
#4998D6	3	0.004	0.829802024633416	0.174012855831038	3
#4998D6	3	0.004	0.829341520275883	0.164830119375574	3
#4998D6	3	0.004	0.828261485036211	0.15564738292011	3
#4998D6	3	0.004	0.826465092170427	0.146464646464646	3
#4998D6	3	0.004	0.825987144168962	0.144733657084787	3
#4998D6	3	0.004	0.824013540263117	0.137281910009183	3
#4998D6	3	0.004	0.820701630620792	0.128099173553719	3
#4998D6	3	0.004	0.816804407713498	0.119874620138198	3
#4998D6	3	0.004	0.816351216624535	0.118916437098255	3
#4998D6	3	0.004	0.811061822625108	0.109733700642792	3
#4998D6	3	0.004	0.807621671258035	0.104845849321615	3
#4998D6	3	0.004	0.804474993530488	0.100550964187328	3
#4998D6	3	0.004	0.798438934802571	0.0935499704918783	3
#4998D6	3	0.004	0.796418746200239	0.0913682277318641	3
#4998D6	3	0.004	0.789256198347107	0.0845247891270216	3
#4998D6	3	0.004	0.786539638550757	0.0821854912764004	3
#4998D6	3	0.004	0.780073461891644	0.077072559702905	3
#4998D6	3	0.004	0.774164673410225	0.0730027548209366	3
#4998D6	3	0.004	0.77089072543618	0.0708583469824313	3
#4998D6	3	0.004	0.761707988980716	0.0656522091449565	3
#4998D6	3	0.004	0.757873509980698	0.0638200183654729	3
#4998D6	3	0.004	0.752525252525252	0.0612801369110586	3
#4998D6	3	0.004	0.743342516069789	0.0576877788881095	3
#4998D6	3	0.004	0.734159779614325	0.0548765494387292	3
#4998D6	3	0.004	0.733155558171823	0.0546372819100091	3
#4998D6	3	0.004	0.724977043158861	0.0525947632495201	3
#4998D6	3	0.004	0.715794306703398	0.0509779380099256	3
#4998D6	3	0.004	0.706611570247934	0.0500021445488312	3
#4998D6	3	0.004	0.69742883379247	0.0496431997215213	3
#4998D6	3	0.004	0.688246097337006	0.0498960372935419	3
#4998D6	3	0.004	0.679063360881543	0.0507743992427886	3
#4998D6	3	0.004	0.669880624426079	0.0523118632021934	3
#4998D6	3	0.004	0.660697887970615	0.0545643991791689	3
#4998D6	3	0.004	0.660467974793499	0.0546372819100091	3
#4998D6	3	0.004	0.651515151515151	0.0573599019505231	3
#4998D6	3	0.004	0.642332415059688	0.060976972116162	3
#4998D6	3	0.004	0.636490832764813	0.0638200183654729	3
#4998D6	3	0.004	0.633149678604224	0.0654389355566528	3
#4998D6	3	0.004	0.62396694214876	0.0707660605709285	3
#4998D6	3	0.004	0.620674939953243	0.0730027548209366	3
#4998D6	3	0.004	0.614784205693297	0.0771420773391567	3
#4998D6	3	0.004	0.608598259036421	0.0821854912764004	3
#4998D6	3	0.004	0.605601469237833	0.0847842207835897	3
#4998D6	3	0.004	0.59884321843132	0.0913682277318641	3
#4998D6	3	0.004	0.596418732782369	0.0939526176078261	3
#4998D6	3	0.004	0.59073780484203	0.100550964187328	3
#4998D6	3	0.004	0.587235996326905	0.105129820266045	3
#4998D6	3	0.004	0.583907942364341	0.109733700642792	3
#4998D6	3	0.004	0.578166891919236	0.118916437098255	3
#4998D6	3	0.004	0.578053259871442	0.119120687791439	3
#4998D6	3	0.004	0.573149740471276	0.128099173553719	3
#4998D6	3	0.004	0.569002733396201	0.137281910009183	3
#4998D6	3	0.004	0.568870523415978	0.137617462917451	3
#4998D6	3	0.004	0.565323307742098	0.146464646464646	3
#4998D6	3	0.004	0.562296430306121	0.15564738292011	3
#4998D6	3	0.004	0.559831879720601	0.164830119375574	3
#4998D6	3	0.004	0.559687786960514	0.165480592594781	3
#4998D6	3	0.004	0.557684503325372	0.174012855831038	3
#4998D6	3	0.004	0.55600492984947	0.183195592286501	3
#4998D6	3	0.004	0.554762174964524	0.192378328741965	3
#4998D6	3	0.004	0.553926308032296	0.201561065197429	3
#4998D6	3	0.004	0.553479115101208	0.210743801652893	3
#4998D6	3	0.004	0.553411344432301	0.219926538108356	3
#4998D6	3	0.004	0.553720061522518	0.22910927456382	3
#4998D6	3	0.004	0.554405918973704	0.238292011019284	3
#4998D6	3	0.004	0.555470116554113	0.247474747474747	3
#4998D6	3	0.004	0.556910772559839	0.256657483930211	3
#4998D6	3	0.004	0.558718367482185	0.265840220385675	3
#4998D6	3	0.004	0.559687786960514	0.270078642184558	3
#4998D6	3	0.004	0.560789206845303	0.275022956841139	3
#4998D6	3	0.004	0.563076035720957	0.284205693296602	3
#4998D6	3	0.004	0.565577872429249	0.293388429752066	3
#4998D6	3	0.004	0.568190781496082	0.30257116620753	3
#4998D6	3	0.004	0.568870523415978	0.305089845442543	3
#4998D6	3	0.004	0.57068173619898	0.311753902662994	3
#4998D6	3	0.004	0.572926697601591	0.320936639118457	3
#4998D6	3	0.004	0.574733193918654	0.330119375573921	3
#4998D6	3	0.004	0.575855195656234	0.339302112029385	3
#4998D6	3	0.004	0.576057732104351	0.348484848484849	3
#4998D6	3	0.004	0.575162836053024	0.357667584940312	3
#4998D6	3	0.004	0.573095812819931	0.366850321395776	3
#4998D6	3	0.004	0.569913580122141	0.37603305785124	3
#4998D6	3	0.004	0.568870523415978	0.378319640460864	3
#4998D6	3	0.004	0.565750203736037	0.385215794306703	3
#4998D6	3	0.004	0.560944260701849	0.394398530762167	3
#4998D6	3	0.004	0.559687786960514	0.396568339992264	3
#4998D6	3	0.004	0.555712368745591	0.403581267217631	3
#4998D6	3	0.004	0.55050505050505	0.412660313734197	3
#4998D6	3	0.004	0.550446215229283	0.412764003673095	3
#4998D6	3	0.004	0.545155085083521	0.421946740128558	3
#4998D6	3	0.004	0.541322314049587	0.429037100546076	3
#4998D6	3	0.004	0.540185868682455	0.431129476584022	3
#4998D6	3	0.004	0.535433248131972	0.440312213039486	3
#4998D6	3	0.004	0.532139577594123	0.447366977776724	3
#4998D6	3	0.004	0.531109653514437	0.449494949494949	3
#4998D6	3	0.004	0.527000196802851	0.458677685950413	3
#4998D6	3	0.004	0.523407364009195	0.467860422405877	3
#4998D6	3	0.004	0.522956841138659	0.469139118932887	3
#4998D6	3	0.004	0.519914335697444	0.477043158861341	3
#4998D6	3	0.004	0.516837830326103	0.486225895316804	3
#4998D6	3	0.004	0.514201034060918	0.495408631772268	3
#4998D6	3	0.004	0.513774104683196	0.497147250651333	3
#3E80B6	4	0.006	0.192378328741965	0.566819628436693	4
#3E80B6	4	0.006	0.192062470342015	0.568870523415978	4
#3E80B6	4	0.006	0.190990507767399	0.578053259871442	4
#3E80B6	4	0.006	0.190249504261995	0.587235996326905	4
#3E80B6	4	0.006	0.189809829647972	0.596418732782369	4
#3E80B6	4	0.006	0.189649901640192	0.605601469237833	4
#3E80B6	4	0.006	0.189756024828521	0.614784205693297	4
#3E80B6	4	0.006	0.190122474618515	0.62396694214876	4
#3E80B6	4	0.006	0.190751743677564	0.633149678604224	4
#3E80B6	4	0.006	0.191654893129658	0.642332415059688	4
#3E80B6	4	0.006	0.192378328741965	0.64794140046943	4
#3E80B6	4	0.006	0.192819617689189	0.651515151515152	4
#3E80B6	4	0.006	0.194240981297267	0.660697887970615	4
#3E80B6	4	0.006	0.196010023910623	0.669880624426079	4
#3E80B6	4	0.006	0.198177657694255	0.679063360881543	4
#3E80B6	4	0.006	0.200806971639071	0.688246097337006	4
#3E80B6	4	0.006	0.201561065197429	0.690529610330928	4
#3E80B6	4	0.006	0.203909386764937	0.69742883379247	4
#3E80B6	4	0.006	0.207624273972683	0.706611570247934	4
#3E80B6	4	0.006	0.210743801652893	0.71316362683135	4
#3E80B6	4	0.006	0.212107231971838	0.715794306703398	4
#3E80B6	4	0.006	0.217554954020314	0.724977043158861	4
#3E80B6	4	0.006	0.219926538108356	0.728481648490198	4
#3E80B6	4	0.006	0.224378721977516	0.734159779614325	4
#3E80B6	4	0.006	0.22910927456382	0.739523488968041	4
#3E80B6	4	0.006	0.233269589454554	0.743342516069789	4
#3E80B6	4	0.006	0.238292011019284	0.747584585379185	4
#3E80B6	4	0.006	0.246149995917652	0.752525252525253	4
#3E80B6	4	0.006	0.247474747474747	0.753317545617396	4
#3E80B6	4	0.006	0.256657483930211	0.757182043242828	4
#3E80B6	4	0.006	0.265840220385675	0.759355535573225	4
#3E80B6	4	0.006	0.275022956841139	0.760035049277496	4
#3E80B6	4	0.006	0.284205693296602	0.759339684621484	4
#3E80B6	4	0.006	0.293388429752066	0.75732166025349	4
#3E80B6	4	0.006	0.30257116620753	0.753972765997896	4
#3E80B6	4	0.006	0.305452756250747	0.752525252525253	4
#3E80B6	4	0.006	0.311753902662993	0.749359234379184	4
#3E80B6	4	0.006	0.320936639118457	0.743356167112739	4
#3E80B6	4	0.006	0.320954275519406	0.743342516069789	4
#3E80B6	4	0.006	0.330119375573921	0.735972146560222	4
#3E80B6	4	0.006	0.332059668646054	0.734159779614325	4
#3E80B6	4	0.006	0.339302112029385	0.726954432199592	4
#3E80B6	4	0.006	0.341087269280731	0.724977043158861	4
#3E80B6	4	0.006	0.348484848484848	0.716025364691792	4
#3E80B6	4	0.006	0.348663011673898	0.715794306703398	4
#3E80B6	4	0.006	0.35518054670782	0.706611570247934	4
#3E80B6	4	0.006	0.357667584940312	0.702642066672829	4
#3E80B6	4	0.006	0.360840793376872	0.69742883379247	4
#3E80B6	4	0.006	0.365721747420442	0.688246097337006	4
#3E80B6	4	0.006	0.366850321395776	0.685841670608247	4
#3E80B6	4	0.006	0.370068178339744	0.679063360881543	4
#3E80B6	4	0.006	0.373808010686607	0.669880624426079	4
#3E80B6	4	0.006	0.37603305785124	0.663494551450167	4
#3E80B6	4	0.006	0.377058725399548	0.660697887970615	4
#3E80B6	4	0.006	0.379988151696264	0.651515151515152	4
#3E80B6	4	0.006	0.382443901178853	0.642332415059688	4
#3E80B6	4	0.006	0.384486208296378	0.633149678604224	4
#3E80B6	4	0.006	0.385215794306703	0.629199433771756	4
#3E80B6	4	0.006	0.38628592731634	0.62396694214876	4
#3E80B6	4	0.006	0.387799656707677	0.614784205693297	4
#3E80B6	4	0.006	0.388949616402893	0.605601469237833	4
#3E80B6	4	0.006	0.389741795378393	0.596418732782369	4
#3E80B6	4	0.006	0.390169530275633	0.587235996326905	4
#3E80B6	4	0.006	0.3902141700291	0.578053259871442	4
#3E80B6	4	0.006	0.389845481587618	0.568870523415978	4
#3E80B6	4	0.006	0.38902170260591	0.559687786960514	4
#3E80B6	4	0.006	0.387689123289219	0.55050505050505	4
#3E80B6	4	0.006	0.385781062724028	0.541322314049587	4
#3E80B6	4	0.006	0.385215794306703	0.539240460802976	4
#3E80B6	4	0.006	0.383424945244808	0.532139577594123	4
#3E80B6	4	0.006	0.38044030428676	0.522956841138659	4
#3E80B6	4	0.006	0.376654951850349	0.513774104683196	4
#3E80B6	4	0.006	0.37603305785124	0.512497709676872	4
#3E80B6	4	0.006	0.372230128017563	0.504591368227732	4
#3E80B6	4	0.006	0.366850321395776	0.495472578596033	4
#3E80B6	4	0.006	0.366811456972115	0.495408631772268	4
#3E80B6	4	0.006	0.360423497984434	0.486225895316804	4
#3E80B6	4	0.006	0.357667584940312	0.482798655518746	4
#3E80B6	4	0.006	0.35262489762253	0.477043158861341	4
#3E80B6	4	0.006	0.348484848484848	0.472822389512596	4
#3E80B6	4	0.006	0.342904791249718	0.467860422405877	4
#3E80B6	4	0.006	0.339302112029385	0.464905079581136	4
#3E80B6	4	0.006	0.330119375573921	0.458712539963253	4
#3E80B6	4	0.006	0.330054693007632	0.458677685950413	4
#3E80B6	4	0.006	0.320936639118457	0.453928184895275	4
#3E80B6	4	0.006	0.311753902662993	0.450551402313472	4
#3E80B6	4	0.006	0.307213127495813	0.449494949494949	4
#3E80B6	4	0.006	0.30257116620753	0.448399319156213	4
#3E80B6	4	0.006	0.293388429752066	0.447443871124664	4
#3E80B6	4	0.006	0.284205693296602	0.447702846734909	4
#3E80B6	4	0.006	0.275022956841139	0.449195252625068	4
#3E80B6	4	0.006	0.274012914640004	0.449494949494949	4
#3E80B6	4	0.006	0.265840220385675	0.451869371353511	4
#3E80B6	4	0.006	0.256657483930211	0.455904597570408	4
#3E80B6	4	0.006	0.251979735462457	0.458677685950413	4
#3E80B6	4	0.006	0.247474747474747	0.461417689706389	4
#3E80B6	4	0.006	0.239216194685246	0.467860422405877	4
#3E80B6	4	0.006	0.238292011019284	0.46862357667671	4
#3E80B6	4	0.006	0.229834962402625	0.477043158861341	4
#3E80B6	4	0.006	0.22910927456382	0.477832802675708	4
#3E80B6	4	0.006	0.222370056441949	0.486225895316804	4
#3E80B6	4	0.006	0.219926538108356	0.489662572065209	4
#3E80B6	4	0.006	0.216188842005694	0.495408631772268	4
#3E80B6	4	0.006	0.211047701611486	0.504591368227732	4
#3E80B6	4	0.006	0.210743801652893	0.505203285739311	4
#3E80B6	4	0.006	0.20664991013509	0.513774104683196	4
#3E80B6	4	0.006	0.202992713983622	0.522956841138659	4
#3E80B6	4	0.006	0.201561065197429	0.527187470360173	4
#3E80B6	4	0.006	0.199872162674064	0.532139577594123	4
#3E80B6	4	0.006	0.197241305926674	0.541322314049587	4
#3E80B6	4	0.006	0.195108838636736	0.55050505050505	4
#3E80B6	4	0.006	0.19340912104764	0.559687786960514	4
#3E80B6	4	0.006	0.192378328741965	0.566819628436693	4
#3E80B6	5	0.006	0.541322314049587	0.494421404700735	5
#3E80B6	5	0.006	0.541037824426263	0.495408631772268	5
#3E80B6	5	0.006	0.538884633895214	0.504591368227732	5
#3E80B6	5	0.006	0.537263078555084	0.513774104683196	5
#3E80B6	5	0.006	0.536159476113288	0.522956841138659	5
#3E80B6	5	0.006	0.535573622104249	0.532139577594123	5
#3E80B6	5	0.006	0.535519369586244	0.541322314049587	5
#3E80B6	5	0.006	0.536025143340732	0.55050505050505	5
#3E80B6	5	0.006	0.537134439822271	0.559687786960514	5
#3E80B6	5	0.006	0.53890630199412	0.568870523415978	5
#3E80B6	5	0.006	0.541322314049587	0.577727642413046	5
#3E80B6	5	0.006	0.541407944539432	0.578053259871442	5
#3E80B6	5	0.006	0.544461053438022	0.587235996326905	5
#3E80B6	5	0.006	0.54835329116599	0.596418732782369	5
#3E80B6	5	0.006	0.55050505050505	0.600660862722231	5
#3E80B6	5	0.006	0.553022404281031	0.605601469237833	5
#3E80B6	5	0.006	0.558523390397439	0.614784205693297	5
#3E80B6	5	0.006	0.559687786960514	0.616515815856168	5
#3E80B6	5	0.006	0.564884705665282	0.62396694214876	5
#3E80B6	5	0.006	0.568870523415978	0.629086090919494	5
#3E80B6	5	0.006	0.572254379969	0.633149678604224	5
#3E80B6	5	0.006	0.578053259871442	0.639594217457784	5
#3E80B6	5	0.006	0.580775003566481	0.642332415059688	5
#3E80B6	5	0.006	0.587235996326905	0.648514112512206	5
#3E80B6	5	0.006	0.590826966374222	0.651515151515152	5
#3E80B6	5	0.006	0.596418732782369	0.656061409711003	5
#3E80B6	5	0.006	0.603226135048004	0.660697887970615	5
#3E80B6	5	0.006	0.605601469237833	0.662301606788984	5
#3E80B6	5	0.006	0.614784205693297	0.667305826154488	5
#3E80B6	5	0.006	0.621175802178954	0.669880624426079	5
#3E80B6	5	0.006	0.62396694214876	0.671025401446033	5
#3E80B6	5	0.006	0.633149678604224	0.673488142779613	5
#3E80B6	5	0.006	0.642332415059688	0.674594884511774	5
#3E80B6	5	0.006	0.651515151515151	0.674291064147076	5
#3E80B6	5	0.006	0.660697887970615	0.672465821001985	5
#3E80B6	5	0.006	0.667526785443225	0.669880624426079	5
#3E80B6	5	0.006	0.669880624426079	0.668959675036375	5
#3E80B6	5	0.006	0.679063360881543	0.663559202915276	5
#3E80B6	5	0.006	0.682645565440301	0.660697887970615	5
#3E80B6	5	0.006	0.688246097337006	0.655880414754874	5
#3E80B6	5	0.006	0.692287639850038	0.651515151515152	5
#3E80B6	5	0.006	0.69742883379247	0.645396307082553	5
#3E80B6	5	0.006	0.699616305273875	0.642332415059688	5
#3E80B6	5	0.006	0.705524378876512	0.633149678604224	5
#3E80B6	5	0.006	0.706611570247934	0.631285395682346	5
#3E80B6	5	0.006	0.710463270189632	0.62396694214876	5
#3E80B6	5	0.006	0.714717926652091	0.614784205693297	5
#3E80B6	5	0.006	0.715794306703398	0.612220044578695	5
#3E80B6	5	0.006	0.718430743909779	0.605601469237833	5
#3E80B6	5	0.006	0.721686249334157	0.596418732782369	5
#3E80B6	5	0.006	0.724533939516044	0.587235996326905	5
#3E80B6	5	0.006	0.724977043158861	0.585642801098457	5
#3E80B6	5	0.006	0.727084238528575	0.578053259871442	5
#3E80B6	5	0.006	0.729302660600469	0.568870523415978	5
#3E80B6	5	0.006	0.731191455739154	0.559687786960514	5
#3E80B6	5	0.006	0.73276340432819	0.55050505050505	5
#3E80B6	5	0.006	0.734028587689105	0.541322314049587	5
#3E80B6	5	0.006	0.734159779614325	0.540080406170993	5
#3E80B6	5	0.006	0.735044943757719	0.532139577594123	5
#3E80B6	5	0.006	0.735761060262816	0.522956841138659	5
#3E80B6	5	0.006	0.736180175686192	0.513774104683196	5
#3E80B6	5	0.006	0.736317119740694	0.504591368227732	5
#3E80B6	5	0.006	0.736191987976851	0.495408631772268	5
#3E80B6	5	0.006	0.735831796870452	0.486225895316804	5
#3E80B6	5	0.006	0.735272411751201	0.477043158861341	5
#3E80B6	5	0.006	0.734560876838349	0.467860422405877	5
#3E80B6	5	0.006	0.734159779614325	0.463153842828862	5
#3E80B6	5	0.006	0.733768766254898	0.458677685950413	5
#3E80B6	5	0.006	0.732965187256857	0.449494949494949	5
#3E80B6	5	0.006	0.732232450057013	0.440312213039486	5
#3E80B6	5	0.006	0.731695937222578	0.431129476584022	5
#3E80B6	5	0.006	0.731518297207291	0.421946740128558	5
#3E80B6	5	0.006	0.731905135349828	0.412764003673095	5
#3E80B6	5	0.006	0.733103977782244	0.403581267217631	5
#3E80B6	5	0.006	0.734159779614325	0.39912602901048	5
#3E80B6	5	0.006	0.735300754244766	0.394398530762167	5
#3E80B6	5	0.006	0.73856694552378	0.385215794306703	5
#3E80B6	5	0.006	0.743012412171648	0.37603305785124	5
#3E80B6	5	0.006	0.743342516069789	0.375464837567806	5
#3E80B6	5	0.006	0.748002685275909	0.366850321395776	5
#3E80B6	5	0.006	0.752525252525252	0.359325200520929	5
#3E80B6	5	0.006	0.753438383711097	0.357667584940312	5
#3E80B6	5	0.006	0.758640230404944	0.348484848484849	5
#3E80B6	5	0.006	0.761707988980716	0.342987152224042	5
#3E80B6	5	0.006	0.763562767769657	0.339302112029385	5
#3E80B6	5	0.006	0.767958371719093	0.330119375573921	5
#3E80B6	5	0.006	0.77089072543618	0.323474184198304	5
#3E80B6	5	0.006	0.771914308216124	0.320936639118457	5
#3E80B6	5	0.006	0.775363611954222	0.311753902662994	5
#3E80B6	5	0.006	0.778481365080645	0.30257116620753	5
#3E80B6	5	0.006	0.780073461891644	0.297526077124414	5
#3E80B6	5	0.006	0.781306094544337	0.293388429752066	5
#3E80B6	5	0.006	0.783911346535635	0.284205693296602	5
#3E80B6	5	0.006	0.786378003178317	0.275022956841139	5
#3E80B6	5	0.006	0.788745195255816	0.265840220385675	5
#3E80B6	5	0.006	0.789256198347107	0.26384289611176	5
#3E80B6	5	0.006	0.791062474036173	0.256657483930211	5
#3E80B6	5	0.006	0.793314516072783	0.247474747474747	5
#3E80B6	5	0.006	0.795471866286484	0.238292011019284	5
#3E80B6	5	0.006	0.797495662259002	0.22910927456382	5
#3E80B6	5	0.006	0.798438934802571	0.22444654916252	5
#3E80B6	5	0.006	0.799367571887046	0.219926538108356	5
#3E80B6	5	0.006	0.801018678453633	0.210743801652893	5
#3E80B6	5	0.006	0.80234380665013	0.201561065197429	5
#3E80B6	5	0.006	0.803270073306827	0.192378328741965	5
#3E80B6	5	0.006	0.803721966673761	0.183195592286501	5
#3E80B6	5	0.006	0.80361997951835	0.174012855831038	5
#3E80B6	5	0.006	0.802877597627227	0.164830119375574	5
#3E80B6	5	0.006	0.801396751464282	0.15564738292011	5
#3E80B6	5	0.006	0.799061749697989	0.146464646464646	5
#3E80B6	5	0.006	0.798438934802571	0.144682884922718	5
#3E80B6	5	0.006	0.79582057908275	0.137281910009183	5
#3E80B6	5	0.006	0.791466508634516	0.128099173553719	5
#3E80B6	5	0.006	0.789256198347107	0.124390155525141	5
#3E80B6	5	0.006	0.785807686947836	0.118916437098255	5
#3E80B6	5	0.006	0.780073461891644	0.111519483654674	5
#3E80B6	5	0.006	0.778558532106277	0.109733700642792	5
#3E80B6	5	0.006	0.77089072543618	0.102025001186925	5
#3E80B6	5	0.006	0.769225429792707	0.100550964187328	5
#3E80B6	5	0.006	0.761707988980716	0.0946278685752548	5
#3E80B6	5	0.006	0.756813673050059	0.0913682277318641	5
#3E80B6	5	0.006	0.752525252525252	0.0887244018170138	5
#3E80B6	5	0.006	0.743342516069789	0.0840412581693126	5
#3E80B6	5	0.006	0.738782337755109	0.0821854912764004	5
#3E80B6	5	0.006	0.734159779614325	0.0803593076511454	5
#3E80B6	5	0.006	0.724977043158861	0.0775708492240493	5
#3E80B6	5	0.006	0.715794306703398	0.0756217541101278	5
#3E80B6	5	0.006	0.706611570247934	0.0744517541321461	5
#3E80B6	5	0.006	0.69742883379247	0.0740253621596791	5
#3E80B6	5	0.006	0.688246097337006	0.074329798896918	5
#3E80B6	5	0.006	0.679063360881543	0.0753744526119897	5
#3E80B6	5	0.006	0.669880624426079	0.0771919712507022	5
#3E80B6	5	0.006	0.660697887970615	0.079841173864325	5
#3E80B6	5	0.006	0.654579316421092	0.0821854912764004	5
#3E80B6	5	0.006	0.651515151515151	0.0833739337741634	5
#3E80B6	5	0.006	0.642332415059688	0.0878402558630175	5
#3E80B6	5	0.006	0.636445468157499	0.0913682277318641	5
#3E80B6	5	0.006	0.633149678604224	0.0934419175372778	5
#3E80B6	5	0.006	0.62396694214876	0.100340806632221	5
#3E80B6	5	0.006	0.623721038219362	0.100550964187328	5
#3E80B6	5	0.006	0.614784205693297	0.108874314513077	5
#3E80B6	5	0.006	0.613964431623149	0.109733700642792	5
#3E80B6	5	0.006	0.606106802269882	0.118916437098255	5
#3E80B6	5	0.006	0.605601469237833	0.119585278184673	5
#3E80B6	5	0.006	0.599652541461694	0.128099173553719	5
#3E80B6	5	0.006	0.596418732782369	0.133535906342583	5
#3E80B6	5	0.006	0.594297469185702	0.137281910009183	5
#3E80B6	5	0.006	0.58985999419846	0.146464646464646	5
#3E80B6	5	0.006	0.587235996326905	0.153020773405187	5
#3E80B6	5	0.006	0.58619921971011	0.15564738292011	5
#3E80B6	5	0.006	0.583183629496324	0.164830119375574	5
#3E80B6	5	0.006	0.580800037880677	0.174012855831038	5
#3E80B6	5	0.006	0.578980770377091	0.183195592286501	5
#3E80B6	5	0.006	0.578053259871442	0.189723759484822	5
#3E80B6	5	0.006	0.577664353924983	0.192378328741965	5
#3E80B6	5	0.006	0.576822051260201	0.201561065197429	5
#3E80B6	5	0.006	0.576473709279577	0.210743801652893	5
#3E80B6	5	0.006	0.576610899331232	0.219926538108356	5
#3E80B6	5	0.006	0.577233609170689	0.22910927456382	5
#3E80B6	5	0.006	0.578053259871442	0.235911414272652	5
#3E80B6	5	0.006	0.578338522762781	0.238292011019284	5
#3E80B6	5	0.006	0.579905011650506	0.247474747474747	5
#3E80B6	5	0.006	0.581962513608664	0.256657483930211	5
#3E80B6	5	0.006	0.58450724413254	0.265840220385675	5
#3E80B6	5	0.006	0.587235996326905	0.274190422935822	5
#3E80B6	5	0.006	0.587519959168842	0.275022956841139	5
#3E80B6	5	0.006	0.590950084336555	0.284205693296602	5
#3E80B6	5	0.006	0.594732950976569	0.293388429752066	5
#3E80B6	5	0.006	0.596418732782369	0.297361674546382	5
#3E80B6	5	0.006	0.598798311202994	0.30257116620753	5
#3E80B6	5	0.006	0.602966587853462	0.311753902662994	5
#3E80B6	5	0.006	0.605601469237833	0.317894830363106	5
#3E80B6	5	0.006	0.607039567400472	0.320936639118457	5
#3E80B6	5	0.006	0.61077703880058	0.330119375573921	5
#3E80B6	5	0.006	0.613732735979617	0.339302112029385	5
#3E80B6	5	0.006	0.614784205693297	0.34473163866	5
#3E80B6	5	0.006	0.615606640616052	0.348484848484849	5
#3E80B6	5	0.006	0.615958854885426	0.357667584940312	5
#3E80B6	5	0.006	0.614784205693297	0.364440964665649	5
#3E80B6	5	0.006	0.61438757397949	0.366850321395776	5
#3E80B6	5	0.006	0.610937662228068	0.37603305785124	5
#3E80B6	5	0.006	0.605601469237833	0.385027547701904	5
#3E80B6	5	0.006	0.605498247016913	0.385215794306703	5
#3E80B6	5	0.006	0.598956359049735	0.394398530762167	5
#3E80B6	5	0.006	0.596418732782369	0.397388771376989	5
#3E80B6	5	0.006	0.591687975935941	0.403581267217631	5
#3E80B6	5	0.006	0.587235996326905	0.408888595193916	5
#3E80B6	5	0.006	0.584293102070396	0.412764003673095	5
#3E80B6	5	0.006	0.578053259871442	0.420725944349523	5
#3E80B6	5	0.006	0.577176008181011	0.421946740128558	5
#3E80B6	5	0.006	0.570597196326831	0.431129476584022	5
#3E80B6	5	0.006	0.568870523415978	0.433638892007275	5
#3E80B6	5	0.006	0.564590976280585	0.440312213039486	5
#3E80B6	5	0.006	0.559687786960514	0.448675721866531	5
#3E80B6	5	0.006	0.559227436830175	0.449494949494949	5
#3E80B6	5	0.006	0.554446408893421	0.458677685950413	5
#3E80B6	5	0.006	0.55050505050505	0.467434482193848	5
#3E80B6	5	0.006	0.550314351459451	0.467860422405877	5
#3E80B6	5	0.006	0.546643456733722	0.477043158861341	5
#3E80B6	5	0.006	0.543572802675797	0.486225895316804	5
#3E80B6	5	0.006	0.541322314049587	0.494421404700735	5
#326A97	6	0.008	0.210743801652893	0.555668249919382	6
#326A97	6	0.008	0.209846377935691	0.559687786960514	6
#326A97	6	0.008	0.208240106462315	0.568870523415978	6
#326A97	6	0.008	0.207059599255879	0.578053259871442	6
#326A97	6	0.008	0.206263824293304	0.587235996326905	6
#326A97	6	0.008	0.20582201376008	0.596418732782369	6
#326A97	6	0.008	0.20571307318876	0.605601469237833	6
#326A97	6	0.008	0.205925385475201	0.614784205693297	6
#326A97	6	0.008	0.206456915864911	0.62396694214876	6
#326A97	6	0.008	0.207315541061737	0.633149678604224	6
#326A97	6	0.008	0.208519550892682	0.642332415059688	6
#326A97	6	0.008	0.210098303922564	0.651515151515152	6
#326A97	6	0.008	0.210743801652893	0.654562685405825	6
#326A97	6	0.008	0.212084948692664	0.660697887970615	6
#326A97	6	0.008	0.214545226003578	0.669880624426079	6
#326A97	6	0.008	0.217558121267202	0.679063360881543	6
#326A97	6	0.008	0.219926538108356	0.685131382247557	6
#326A97	6	0.008	0.221267159573827	0.688246097337006	6
#326A97	6	0.008	0.225878673576231	0.69742883379247	6
#326A97	6	0.008	0.22910927456382	0.702911080211578	6
#326A97	6	0.008	0.231684589087017	0.706611570247934	6
#326A97	6	0.008	0.238292011019284	0.714853201021696	6
#326A97	6	0.008	0.239252563690324	0.715794306703398	6
#326A97	6	0.008	0.247474747474747	0.723048309690708	6
#326A97	6	0.008	0.250572410503879	0.724977043158861	6
#326A97	6	0.008	0.256657483930211	0.728509853158594	6
#326A97	6	0.008	0.265840220385675	0.731747545186844	6
#326A97	6	0.008	0.275022956841139	0.733069540706561	6
#326A97	6	0.008	0.284205693296602	0.732661709749537	6
#326A97	6	0.008	0.293388429752066	0.730615614448199	6
#326A97	6	0.008	0.30257116620753	0.726939320465636	6
#326A97	6	0.008	0.306002783511919	0.724977043158861	6
#326A97	6	0.008	0.311753902662993	0.721588206806958	6
#326A97	6	0.008	0.319255254595622	0.715794306703398	6
#326A97	6	0.008	0.320936639118457	0.714419761914813	6
#326A97	6	0.008	0.328771589230186	0.706611570247934	6
#326A97	6	0.008	0.330119375573921	0.70514997248307	6
#326A97	6	0.008	0.336298407448138	0.69742883379247	6
#326A97	6	0.008	0.339302112029385	0.693227936633184	6
#326A97	6	0.008	0.342543858877494	0.688246097337006	6
#326A97	6	0.008	0.347776573005975	0.679063360881543	6
#326A97	6	0.008	0.348484848484848	0.677660118141379	6
#326A97	6	0.008	0.352230205545325	0.669880624426079	6
#326A97	6	0.008	0.355993392234894	0.660697887970615	6
#326A97	6	0.008	0.357667584940312	0.655930414961969	6
#326A97	6	0.008	0.359214118667173	0.651515151515152	6
#326A97	6	0.008	0.361955016644546	0.642332415059688	6
#326A97	6	0.008	0.364217738350059	0.633149678604224	6
#326A97	6	0.008	0.366052318450134	0.62396694214876	6
#326A97	6	0.008	0.366850321395776	0.618920522459237	6
#326A97	6	0.008	0.367538220714862	0.614784205693297	6
#326A97	6	0.008	0.368679662581582	0.605601469237833	6
#326A97	6	0.008	0.369428965513516	0.596418732782369	6
#326A97	6	0.008	0.369779939537634	0.587235996326905	6
#326A97	6	0.008	0.369712601466974	0.578053259871442	6
#326A97	6	0.008	0.369193250973958	0.568870523415978	6
#326A97	6	0.008	0.368174240512226	0.559687786960514	6
#326A97	6	0.008	0.366850321395776	0.551964858651927	6
#326A97	6	0.008	0.366607395933583	0.55050505050505	6
#326A97	6	0.008	0.364503091288449	0.541322314049587	6
#326A97	6	0.008	0.361690964567414	0.532139577594123	6
#326A97	6	0.008	0.358055360883519	0.522956841138659	6
#326A97	6	0.008	0.357667584940312	0.522139863809871	6
#326A97	6	0.008	0.353517328727978	0.513774104683196	6
#326A97	6	0.008	0.348484848484848	0.505563151577725	6
#326A97	6	0.008	0.347830256248635	0.504591368227732	6
#326A97	6	0.008	0.34061080993265	0.495408631772268	6
#326A97	6	0.008	0.339302112029385	0.493955488919755	6
#326A97	6	0.008	0.331103068898587	0.486225895316804	6
#326A97	6	0.008	0.330119375573921	0.485391674392699	6
#326A97	6	0.008	0.320936639118457	0.479098038395017	6
#326A97	6	0.008	0.316824463115182	0.477043158861341	6
#326A97	6	0.008	0.311753902662993	0.474640843746308	6
#326A97	6	0.008	0.30257116620753	0.471821109538729	6
#326A97	6	0.008	0.293388429752066	0.470518810219094	6
#326A97	6	0.008	0.284205693296602	0.470677997274758	6
#326A97	6	0.008	0.275022956841139	0.472308869304612	6
#326A97	6	0.008	0.265840220385675	0.475493618839038	6
#326A97	6	0.008	0.262844366135711	0.477043158861341	6
#326A97	6	0.008	0.256657483930211	0.480365752966547	6
#326A97	6	0.008	0.248689999960812	0.486225895316804	6
#326A97	6	0.008	0.247474747474747	0.487184712034748	6
#326A97	6	0.008	0.239194606749685	0.495408631772268	6
#326A97	6	0.008	0.238292011019284	0.496403249251585	6
#326A97	6	0.008	0.23199748366104	0.504591368227732	6
#326A97	6	0.008	0.22910927456382	0.508906996495597	6
#326A97	6	0.008	0.226198788405037	0.513774104683196	6
#326A97	6	0.008	0.221490958446305	0.522956841138659	6
#326A97	6	0.008	0.219926538108356	0.526537999040043	6
#326A97	6	0.008	0.217618806864257	0.532139577594123	6
#326A97	6	0.008	0.214457757375504	0.541322314049587	6
#326A97	6	0.008	0.211900349673238	0.55050505050505	6
#326A97	6	0.008	0.210743801652893	0.555668249919382	6
#326A97	7	0.008	0.559687786960514	0.508815950918304	7
#326A97	7	0.008	0.558802633230151	0.513774104683196	7
#326A97	7	0.008	0.557801577942314	0.522956841138659	7
#326A97	7	0.008	0.557443319603076	0.532139577594123	7
#326A97	7	0.008	0.557738770355945	0.541322314049587	7
#326A97	7	0.008	0.558713664350183	0.55050505050505	7
#326A97	7	0.008	0.559687786960514	0.555855064202142	7
#326A97	7	0.008	0.560394154020105	0.559687786960514	7
#326A97	7	0.008	0.562810007958567	0.568870523415978	7
#326A97	7	0.008	0.566040597589336	0.578053259871442	7
#326A97	7	0.008	0.568870523415978	0.584466839129677	7
#326A97	7	0.008	0.570170429604645	0.587235996326905	7
#326A97	7	0.008	0.575288354735819	0.596418732782369	7
#326A97	7	0.008	0.578053259871442	0.600686954773358	7
#326A97	7	0.008	0.581584927840758	0.605601469237833	7
#326A97	7	0.008	0.587235996326905	0.61259362932198	7
#326A97	7	0.008	0.589285679846588	0.614784205693297	7
#326A97	7	0.008	0.596418732782369	0.621834258124318	7
#326A97	7	0.008	0.599044461656683	0.62396694214876	7
#326A97	7	0.008	0.605601469237833	0.629057563907523	7
#326A97	7	0.008	0.612434847155618	0.633149678604224	7
#326A97	7	0.008	0.614784205693297	0.634532096083306	7
#326A97	7	0.008	0.62396694214876	0.638377481945747	7
#326A97	7	0.008	0.633149678604224	0.640594443774765	7
#326A97	7	0.008	0.642332415059688	0.641147979908984	7
#326A97	7	0.008	0.651515151515151	0.639927857566753	7
#326A97	7	0.008	0.660697887970615	0.636739024624962	7
#326A97	7	0.008	0.666874078673069	0.633149678604224	7
#326A97	7	0.008	0.669880624426079	0.631287612658784	7
#326A97	7	0.008	0.678197040164205	0.62396694214876	7
#326A97	7	0.008	0.679063360881543	0.623132984822703	7
#326A97	7	0.008	0.685871473486427	0.614784205693297	7
#326A97	7	0.008	0.688246097337006	0.611515609905039	7
#326A97	7	0.008	0.691877885420284	0.605601469237833	7
#326A97	7	0.008	0.696810724869786	0.596418732782369	7
#326A97	7	0.008	0.69742883379247	0.595125831284699	7
#326A97	7	0.008	0.700835813523239	0.587235996326905	7
#326A97	7	0.008	0.704233455795952	0.578053259871442	7
#326A97	7	0.008	0.706611570247934	0.570447409850262	7
#326A97	7	0.008	0.707081589463211	0.568870523415978	7
#326A97	7	0.008	0.709405993474193	0.559687786960514	7
#326A97	7	0.008	0.711266233550843	0.55050505050505	7
#326A97	7	0.008	0.712679352861005	0.541322314049587	7
#326A97	7	0.008	0.71365697685764	0.532139577594123	7
#326A97	7	0.008	0.714206192347365	0.522956841138659	7
#326A97	7	0.008	0.71433020705557	0.513774104683196	7
#326A97	7	0.008	0.714028840363179	0.504591368227732	7
#326A97	7	0.008	0.713298882929284	0.495408631772268	7
#326A97	7	0.008	0.712134367870655	0.486225895316804	7
#326A97	7	0.008	0.710526831602679	0.477043158861341	7
#326A97	7	0.008	0.708465725681971	0.467860422405877	7
#326A97	7	0.008	0.706611570247934	0.460994656343049	7
#326A97	7	0.008	0.705913164761587	0.458677685950413	7
#326A97	7	0.008	0.702760999523482	0.449494949494949	7
#326A97	7	0.008	0.699029687020522	0.440312213039486	7
#326A97	7	0.008	0.69742883379247	0.436677127081844	7
#326A97	7	0.008	0.69437129441322	0.431129476584022	7
#326A97	7	0.008	0.688640514560157	0.421946740128558	7
#326A97	7	0.008	0.688246097337006	0.421320750189772	7
#326A97	7	0.008	0.68028381721666	0.412764003673095	7
#326A97	7	0.008	0.679063360881543	0.411492462282142	7
#326A97	7	0.008	0.669880624426079	0.406056676265279	7
#326A97	7	0.008	0.660697887970615	0.404234532027489	7
#326A97	7	0.008	0.651515151515151	0.404731083304697	7
#326A97	7	0.008	0.642332415059688	0.406959037704232	7
#326A97	7	0.008	0.633149678604224	0.410676759096689	7
#326A97	7	0.008	0.629508052685787	0.412764003673095	7
#326A97	7	0.008	0.62396694214876	0.41550140461691	7
#326A97	7	0.008	0.614784205693297	0.421500705268217	7
#326A97	7	0.008	0.614237220605535	0.421946740128558	7
#326A97	7	0.008	0.605601469237833	0.428584704906869	7
#326A97	7	0.008	0.602883311887284	0.431129476584022	7
#326A97	7	0.008	0.596418732782369	0.437145033364198	7
#326A97	7	0.008	0.593543075783909	0.440312213039486	7
#326A97	7	0.008	0.587235996326905	0.447554469621006	7
#326A97	7	0.008	0.585760819742018	0.449494949494949	7
#326A97	7	0.008	0.579293237211105	0.458677685950413	7
#326A97	7	0.008	0.578053259871442	0.460630601221764	7
#326A97	7	0.008	0.573894810776393	0.467860422405877	7
#326A97	7	0.008	0.569369319596623	0.477043158861341	7
#326A97	7	0.008	0.568870523415978	0.478227103856246	7
#326A97	7	0.008	0.565675982546295	0.486225895316804	7
#326A97	7	0.008	0.562715059375035	0.495408631772268	7
#326A97	7	0.008	0.560438439372687	0.504591368227732	7
#326A97	7	0.008	0.559687786960514	0.508815950918304	7
#326A97	8	0.008	0.605601469237833	0.162398417815681	8
#326A97	8	0.008	0.604669904439347	0.164830119375574	8
#326A97	8	0.008	0.601869291706799	0.174012855831038	8
#326A97	8	0.008	0.599781723974584	0.183195592286501	8
#326A97	8	0.008	0.598354113608334	0.192378328741965	8
#326A97	8	0.008	0.597554809789648	0.201561065197429	8
#326A97	8	0.008	0.597369292884616	0.210743801652893	8
#326A97	8	0.008	0.597796070430076	0.219926538108356	8
#326A97	8	0.008	0.598842579663706	0.22910927456382	8
#326A97	8	0.008	0.600520964085123	0.238292011019284	8
#326A97	8	0.008	0.602843603820778	0.247474747474747	8
#326A97	8	0.008	0.605601469237833	0.256011453113732	8
#326A97	8	0.008	0.605828688968231	0.256657483930211	8
#326A97	8	0.008	0.609626931960427	0.265840220385675	8
#326A97	8	0.008	0.614079881594515	0.275022956841139	8
#326A97	8	0.008	0.614784205693297	0.27635660173349	8
#326A97	8	0.008	0.619461495011326	0.284205693296602	8
#326A97	8	0.008	0.62396694214876	0.291220523236348	8
#326A97	8	0.008	0.625583275276548	0.293388429752066	8
#326A97	8	0.008	0.632585776757286	0.30257116620753	8
#326A97	8	0.008	0.633149678604224	0.303325725025994	8
#326A97	8	0.008	0.640677376044309	0.311753902662994	8
#326A97	8	0.008	0.642332415059688	0.313714692505917	8
#326A97	8	0.008	0.649898469786696	0.320936639118457	8
#326A97	8	0.008	0.651515151515151	0.322649809149094	8
#326A97	8	0.008	0.660697887970615	0.330054115328471	8
#326A97	8	0.008	0.660812176999678	0.330119375573921	8
#326A97	8	0.008	0.669880624426079	0.336108644605319	8
#326A97	8	0.008	0.678288578694871	0.339302112029385	8
#326A97	8	0.008	0.679063360881543	0.339654544214718	8
#326A97	8	0.008	0.688246097337006	0.341128920313634	8
#326A97	8	0.008	0.69742883379247	0.340099336708134	8
#326A97	8	0.008	0.699615329236484	0.339302112029385	8
#326A97	8	0.008	0.706611570247934	0.337125738025534	8
#326A97	8	0.008	0.715794306703398	0.332169092006364	8
#326A97	8	0.008	0.718435618421772	0.330119375573921	8
#326A97	8	0.008	0.724977043158861	0.325240512786595	8
#326A97	8	0.008	0.729264750626948	0.320936639118457	8
#326A97	8	0.008	0.734159779614325	0.315935875030521	8
#326A97	8	0.008	0.737386116567294	0.311753902662994	8
#326A97	8	0.008	0.743342516069789	0.303564638487082	8
#326A97	8	0.008	0.74394146830191	0.30257116620753	8
#326A97	8	0.008	0.749212960235569	0.293388429752066	8
#326A97	8	0.008	0.752525252525252	0.287118161820493	8
#326A97	8	0.008	0.75386635506098	0.284205693296602	8
#326A97	8	0.008	0.757888236661654	0.275022956841139	8
#326A97	8	0.008	0.761613166640934	0.265840220385675	8
#326A97	8	0.008	0.761707988980716	0.265599046005383	8
#326A97	8	0.008	0.764932726650231	0.256657483930211	8
#326A97	8	0.008	0.768040932214713	0.247474747474747	8
#326A97	8	0.008	0.77089072543618	0.238437253193682	8
#326A97	8	0.008	0.770934211843386	0.238292011019284	8
#326A97	8	0.008	0.773527923336071	0.22910927456382	8
#326A97	8	0.008	0.775835724450781	0.219926538108356	8
#326A97	8	0.008	0.777793016799586	0.210743801652893	8
#326A97	8	0.008	0.779324501047191	0.201561065197429	8
#326A97	8	0.008	0.780073461891644	0.194839972843669	8
#326A97	8	0.008	0.780345344363434	0.192378328741965	8
#326A97	8	0.008	0.780764198947572	0.183195592286501	8
#326A97	8	0.008	0.780486495425274	0.174012855831038	8
#326A97	8	0.008	0.780073461891644	0.170470441852366	8
#326A97	8	0.008	0.779399823214138	0.164830119375574	8
#326A97	8	0.008	0.777373807882554	0.15564738292011	8
#326A97	8	0.008	0.774262254892882	0.146464646464646	8
#326A97	8	0.008	0.77089072543618	0.139317438265544	8
#326A97	8	0.008	0.769850196799129	0.137281910009183	8
#326A97	8	0.008	0.763776655808487	0.128099173553719	8
#326A97	8	0.008	0.761707988980716	0.125574250873569	8
#326A97	8	0.008	0.755481494374156	0.118916437098255	8
#326A97	8	0.008	0.752525252525252	0.116250557399574	8
#326A97	8	0.008	0.743884715872679	0.109733700642792	8
#326A97	8	0.008	0.743342516069789	0.109372367317626	8
#326A97	8	0.008	0.734159779614325	0.104333180932964	8
#326A97	8	0.008	0.724977043158861	0.100561125239961	8
#326A97	8	0.008	0.724942714754044	0.100550964187328	8
#326A97	8	0.008	0.715794306703398	0.0979989427359256	8
#326A97	8	0.008	0.706611570247934	0.0964451687830765	8
#326A97	8	0.008	0.69742883379247	0.0958449828526855	8
#326A97	8	0.008	0.688246097337006	0.0961728201889036	8
#326A97	8	0.008	0.679063360881543	0.0974311660066162	8
#326A97	8	0.008	0.669880624426079	0.0996517495636731	8
#326A97	8	0.008	0.667283937555426	0.100550964187328	8
#326A97	8	0.008	0.660697887970615	0.102932795459469	8
#326A97	8	0.008	0.651515151515151	0.107353672109076	8
#326A97	8	0.008	0.647565747965238	0.109733700642792	8
#326A97	8	0.008	0.642332415059688	0.113146592655102	8
#326A97	8	0.008	0.635035885048627	0.118916437098255	8
#326A97	8	0.008	0.633149678604224	0.120576693744361	8
#326A97	8	0.008	0.62580089831613	0.128099173553719	8
#326A97	8	0.008	0.62396694214876	0.130249666111824	8
#326A97	8	0.008	0.61862364989403	0.137281910009183	8
#326A97	8	0.008	0.614784205693297	0.143244688339775	8
#326A97	8	0.008	0.612877637834681	0.146464646464646	8
#326A97	8	0.008	0.60831572015913	0.15564738292011	8
#326A97	8	0.008	0.605601469237833	0.162398417815681	8
#27547A	9	0.01	0.22910927456382	0.547253237041288	9
#27547A	9	0.01	0.2280147462974	0.55050505050505	9
#27547A	9	0.01	0.225516322565901	0.559687786960514	9
#27547A	9	0.01	0.223604010003136	0.568870523415978	9
#27547A	9	0.01	0.222217058879692	0.578053259871442	9
#27547A	9	0.01	0.221308846525381	0.587235996326905	9
#27547A	9	0.01	0.220845646676381	0.596418732782369	9
#27547A	9	0.01	0.220806008551871	0.605601469237833	9
#27547A	9	0.01	0.221180638217469	0.614784205693297	9
#27547A	9	0.01	0.221972687784987	0.62396694214876	9
#27547A	9	0.01	0.223198377978092	0.633149678604224	9
#27547A	9	0.01	0.224887909020645	0.642332415059688	9
#27547A	9	0.01	0.227086653161147	0.651515151515152	9
#27547A	9	0.01	0.22910927456382	0.658296698763553	9
#27547A	9	0.01	0.229914566470597	0.660697887970615	9
#27547A	9	0.01	0.233615534060359	0.669880624426079	9
#27547A	9	0.01	0.238158922168383	0.679063360881543	9
#27547A	9	0.01	0.238292011019284	0.679298527234111	9
#27547A	9	0.01	0.244513527015935	0.688246097337006	9
#27547A	9	0.01	0.247474747474747	0.691899614234708	9
#27547A	9	0.01	0.25353866262855	0.69742883379247	9
#27547A	9	0.01	0.256657483930211	0.699965463473279	9
#27547A	9	0.01	0.265840220385675	0.70477930663321	9
#27547A	9	0.01	0.273279645765844	0.706611570247934	9
#27547A	9	0.01	0.275022956841139	0.707016927516129	9
#27547A	9	0.01	0.284205693296602	0.706987332340939	9
#27547A	9	0.01	0.285836819961586	0.706611570247934	9
#27547A	9	0.01	0.293388429752066	0.704837187336155	9
#27547A	9	0.01	0.30257116620753	0.700582508821131	9
#27547A	9	0.01	0.307153900373076	0.69742883379247	9
#27547A	9	0.01	0.311753902662993	0.694051048247195	9
#27547A	9	0.01	0.317746785088298	0.688246097337006	9
#27547A	9	0.01	0.320936639118457	0.684849385093576	9
#27547A	9	0.01	0.325407886651955	0.679063360881543	9
#27547A	9	0.01	0.330119375573921	0.672153271809934	9
#27547A	9	0.01	0.331475923549321	0.669880624426079	9
#27547A	9	0.01	0.336297655844297	0.660697887970615	9
#27547A	9	0.01	0.339302112029385	0.653975285699459	9
#27547A	9	0.01	0.340319634853247	0.651515151515152	9
#27547A	9	0.01	0.343575307137711	0.642332415059688	9
#27547A	9	0.01	0.346252191744374	0.633149678604224	9
#27547A	9	0.01	0.348405854135315	0.62396694214876	9
#27547A	9	0.01	0.348484848484848	0.623538316742342	9
#27547A	9	0.01	0.350070779158033	0.614784205693297	9
#27547A	9	0.01	0.351272136630473	0.605601469237833	9
#27547A	9	0.01	0.352017667460668	0.596418732782369	9
#27547A	9	0.01	0.352298926746075	0.587235996326905	9
#27547A	9	0.01	0.352091338320013	0.578053259871442	9
#27547A	9	0.01	0.351353855752919	0.568870523415978	9
#27547A	9	0.01	0.350028288136725	0.559687786960514	9
#27547A	9	0.01	0.348484848484848	0.55251761883618	9
#27547A	9	0.01	0.348031949646098	0.55050505050505	9
#27547A	9	0.01	0.345235547852814	0.541322314049587	9
#27547A	9	0.01	0.341530372248942	0.532139577594123	9
#27547A	9	0.01	0.339302112029385	0.52772190024589	9
#27547A	9	0.01	0.336590298008042	0.522956841138659	9
#27547A	9	0.01	0.330140162490196	0.513774104683196	9
#27547A	9	0.01	0.330119375573921	0.51374864345193	9
#27547A	9	0.01	0.32096767728154	0.504591368227732	9
#27547A	9	0.01	0.320936639118457	0.504564236387699	9
#27547A	9	0.01	0.311753902662993	0.498426933430791	9
#27547A	9	0.01	0.304751893821139	0.495408631772268	9
#27547A	9	0.01	0.30257116620753	0.494537254437095	9
#27547A	9	0.01	0.293388429752066	0.492696764385635	9
#27547A	9	0.01	0.284205693296602	0.492713871510095	9
#27547A	9	0.01	0.275022956841139	0.494586771301115	9
#27547A	9	0.01	0.273004914926468	0.495408631772268	9
#27547A	9	0.01	0.265840220385675	0.498485734240996	9
#27547A	9	0.01	0.256662372932247	0.504591368227732	9
#27547A	9	0.01	0.256657483930211	0.504594918807471	9
#27547A	9	0.01	0.247474747474747	0.513588277718424	9
#27547A	9	0.01	0.247322143794513	0.513774104683196	9
#27547A	9	0.01	0.240636477172368	0.522956841138659	9
#27547A	9	0.01	0.238292011019284	0.526738058944652	9
#27547A	9	0.01	0.235396719330338	0.532139577594123	9
#27547A	9	0.01	0.231282552395192	0.541322314049587	9
#27547A	9	0.01	0.22910927456382	0.547253237041288	9
#27547A	10	0.01	0.578053259871442	0.531261090503665	10
#27547A	10	0.01	0.578030808753863	0.532139577594123	10
#27547A	10	0.01	0.578053259871442	0.532488506504284	10
#27547A	10	0.01	0.578664670458796	0.541322314049587	10
#27547A	10	0.01	0.580206630804466	0.55050505050505	10
#27547A	10	0.01	0.58269193945465	0.559687786960514	10
#27547A	10	0.01	0.586168239775889	0.568870523415978	10
#27547A	10	0.01	0.587235996326905	0.571107558350796	10
#27547A	10	0.01	0.591063268795891	0.578053259871442	10
#27547A	10	0.01	0.596418732782369	0.58602196611458	10
#27547A	10	0.01	0.597420970422396	0.587235996326905	10
#27547A	10	0.01	0.605601469237833	0.595878296926614	10
#27547A	10	0.01	0.606283808533651	0.596418732782369	10
#27547A	10	0.01	0.614784205693297	0.602589163005132	10
#27547A	10	0.01	0.621076623061749	0.605601469237833	10
#27547A	10	0.01	0.62396694214876	0.606922788732761	10
#27547A	10	0.01	0.633149678604224	0.609005534275045	10
#27547A	10	0.01	0.642332415059688	0.608900483272322	10
#27547A	10	0.01	0.651515151515151	0.606456351514654	10
#27547A	10	0.01	0.653137690003716	0.605601469237833	10
#27547A	10	0.01	0.660697887970615	0.601255779409831	10
#27547A	10	0.01	0.666167167962866	0.596418732782369	10
#27547A	10	0.01	0.669880624426079	0.592710086323164	10
#27547A	10	0.01	0.674021203442046	0.587235996326905	10
#27547A	10	0.01	0.679063360881543	0.579425642219819	10
#27547A	10	0.01	0.679796840911344	0.578053259871442	10
#27547A	10	0.01	0.683996172831072	0.568870523415978	10
#27547A	10	0.01	0.687364904466787	0.559687786960514	10
#27547A	10	0.01	0.688246097337006	0.55661898254602	10
#27547A	10	0.01	0.689831299251856	0.55050505050505	10
#27547A	10	0.01	0.691560628237708	0.541322314049587	10
#27547A	10	0.01	0.692640467046563	0.532139577594123	10
#27547A	10	0.01	0.693076510472687	0.522956841138659	10
#27547A	10	0.01	0.692861495444403	0.513774104683196	10
#27547A	10	0.01	0.691974157073082	0.504591368227732	10
#27547A	10	0.01	0.690377220798487	0.495408631772268	10
#27547A	10	0.01	0.688246097337006	0.487088219647521	10
#27547A	10	0.01	0.687991827876505	0.486225895316804	10
#27547A	10	0.01	0.68445293629272	0.477043158861341	10
#27547A	10	0.01	0.679800573164126	0.467860422405877	10
#27547A	10	0.01	0.679063360881543	0.466632645790084	10
#27547A	10	0.01	0.672834807983399	0.458677685950413	10
#27547A	10	0.01	0.669880624426079	0.45550262810249	10
#27547A	10	0.01	0.661468770181027	0.449494949494949	10
#27547A	10	0.01	0.660697887970615	0.449004103156511	10
#27547A	10	0.01	0.651515151515151	0.445698819249109	10
#27547A	10	0.01	0.642332415059688	0.444871654024568	10
#27547A	10	0.01	0.633149678604224	0.446151872938859	10
#27547A	10	0.01	0.62396694214876	0.449383593324733	10
#27547A	10	0.01	0.623769533415904	0.449494949494949	10
#27547A	10	0.01	0.614784205693297	0.45463551599537	10
#27547A	10	0.01	0.609703548584513	0.458677685950413	10
#27547A	10	0.01	0.605601469237833	0.462158313303252	10
#27547A	10	0.01	0.600373960647203	0.467860422405877	10
#27547A	10	0.01	0.596418732782369	0.472702608776273	10
#27547A	10	0.01	0.59348051082626	0.477043158861341	10
#27547A	10	0.01	0.588203289393515	0.486225895316804	10
#27547A	10	0.01	0.587235996326905	0.488283146527889	10
#27547A	10	0.01	0.584290819547492	0.495408631772268	10
#27547A	10	0.01	0.581396900518211	0.504591368227732	10
#27547A	10	0.01	0.579398251437455	0.513774104683196	10
#27547A	10	0.01	0.578277214209459	0.522956841138659	10
#27547A	10	0.01	0.578053259871442	0.531261090503665	10
#27547A	11	0.01	0.62396694214876	0.173423522617803	11
#27547A	11	0.01	0.623754094768551	0.174012855831038	11
#27547A	11	0.01	0.621328813519104	0.183195592286501	11
#27547A	11	0.01	0.619773036133258	0.192378328741965	11
#27547A	11	0.01	0.619054422456688	0.201561065197429	11
#27547A	11	0.01	0.619161835878322	0.210743801652893	11
#27547A	11	0.01	0.62009939956308	0.219926538108356	11
#27547A	11	0.01	0.621880369981093	0.22910927456382	11
#27547A	11	0.01	0.62396694214876	0.236413201824224	11
#27547A	11	0.01	0.624583974220166	0.238292011019284	11
#27547A	11	0.01	0.628500714438518	0.247474747474747	11
#27547A	11	0.01	0.633149678604224	0.25621929079333	11
#27547A	11	0.01	0.633430260258776	0.256657483930211	11
#27547A	11	0.01	0.640184657390135	0.265840220385675	11
#27547A	11	0.01	0.642332415059688	0.268459473312781	11
#27547A	11	0.01	0.649107709914552	0.275022956841139	11
#27547A	11	0.01	0.651515151515151	0.277220728983836	11
#27547A	11	0.01	0.660697887970615	0.283535325431837	11
#27547A	11	0.01	0.662119781997776	0.284205693296602	11
#27547A	11	0.01	0.669880624426079	0.287858566514436	11
#27547A	11	0.01	0.679063360881543	0.290317740191311	11
#27547A	11	0.01	0.688246097337006	0.290928257342697	11
#27547A	11	0.01	0.69742883379247	0.289591092784763	11
#27547A	11	0.01	0.706611570247934	0.286087772595763	11
#27547A	11	0.01	0.70959898194062	0.284205693296602	11
#27547A	11	0.01	0.715794306703398	0.280094044213201	11
#27547A	11	0.01	0.721144457050391	0.275022956841139	11
#27547A	11	0.01	0.724977043158861	0.271127570405282	11
#27547A	11	0.01	0.72901817505267	0.265840220385675	11
#27547A	11	0.01	0.734159779614325	0.258543066425836	11
#27547A	11	0.01	0.735263258289637	0.256657483930211	11
#27547A	11	0.01	0.740290692095578	0.247474747474747	11
#27547A	11	0.01	0.743342516069789	0.241355915969084	11
#27547A	11	0.01	0.744684332284163	0.238292011019284	11
#27547A	11	0.01	0.74834999796835	0.22910927456382	11
#27547A	11	0.01	0.751542110920511	0.219926538108356	11
#27547A	11	0.01	0.752525252525252	0.216552649696719	11
#27547A	11	0.01	0.754079621449203	0.210743801652893	11
#27547A	11	0.01	0.755958439128025	0.201561065197429	11
#27547A	11	0.01	0.757144717212003	0.192378328741965	11
#27547A	11	0.01	0.75752074932872	0.183195592286501	11
#27547A	11	0.01	0.756952493645099	0.174012855831038	11
#27547A	11	0.01	0.755287129315151	0.164830119375574	11
#27547A	11	0.01	0.752525252525252	0.156185863908775	11
#27547A	11	0.01	0.752331502149061	0.15564738292011	11
#27547A	11	0.01	0.747486552139155	0.146464646464646	11
#27547A	11	0.01	0.743342516069789	0.140732060839891	11
#27547A	11	0.01	0.740345060538046	0.137281910009183	11
#27547A	11	0.01	0.734159779614325	0.131659015446959	11
#27547A	11	0.01	0.729116036043936	0.128099173553719	11
#27547A	11	0.01	0.724977043158861	0.125644470222855	11
#27547A	11	0.01	0.715794306703398	0.121717315997337	11
#27547A	11	0.01	0.706611570247934	0.11929388433173	11
#27547A	11	0.01	0.703277885019472	0.118916437098255	11
#27547A	11	0.01	0.69742883379247	0.118316104155463	11
#27547A	11	0.01	0.688246097337006	0.118591473471795	11
#27547A	11	0.01	0.686228846645955	0.118916437098255	11
#27547A	11	0.01	0.679063360881543	0.120162360241409	11
#27547A	11	0.01	0.669880624426079	0.123064891893451	11
#27547A	11	0.01	0.660697887970615	0.127325099501596	11
#27547A	11	0.01	0.659423708292128	0.128099173553719	11
#27547A	11	0.01	0.651515151515151	0.133501903755564	11
#27547A	11	0.01	0.647070925135496	0.137281910009183	11
#27547A	11	0.01	0.642332415059688	0.141955868485712	11
#27547A	11	0.01	0.638471482755559	0.146464646464646	11
#27547A	11	0.01	0.633149678604224	0.153912976332903	11
#27547A	11	0.01	0.632060390896183	0.15564738292011	11
#27547A	11	0.01	0.627363870717343	0.164830119375574	11
#27547A	11	0.01	0.62396694214876	0.173423522617803	11
#1D3E5D	12	0.012	0.238292011019284	0.576119959850363	12
#1D3E5D	12	0.012	0.237945299530375	0.578053259871442	12
#1D3E5D	12	0.012	0.236896436484137	0.587235996326905	12
#1D3E5D	12	0.012	0.236421833049038	0.596418732782369	12
#1D3E5D	12	0.012	0.23649847308221	0.605601469237833	12
#1D3E5D	12	0.012	0.237119051376455	0.614784205693297	12
#1D3E5D	12	0.012	0.238292011019284	0.623963269216517	12
#1D3E5D	12	0.012	0.23829254987833	0.62396694214876	12
#1D3E5D	12	0.012	0.240268165745828	0.633149678604224	12
#1D3E5D	12	0.012	0.242960022097898	0.642332415059688	12
#1D3E5D	12	0.012	0.246450217661635	0.651515151515152	12
#1D3E5D	12	0.012	0.247474747474747	0.653734914531959	12
#1D3E5D	12	0.012	0.251609286804851	0.660697887970615	12
#1D3E5D	12	0.012	0.256657483930211	0.667685208865373	12
#1D3E5D	12	0.012	0.25899218781203	0.669880624426079	12
#1D3E5D	12	0.012	0.265840220385675	0.675434025998574	12
#1D3E5D	12	0.012	0.274541665032805	0.679063360881543	12
#1D3E5D	12	0.012	0.275022956841139	0.679243940487823	12
#1D3E5D	12	0.012	0.284205693296602	0.679770674158623	12
#1D3E5D	12	0.012	0.287027791903895	0.679063360881543	12
#1D3E5D	12	0.012	0.293388429752066	0.677373931987423	12
#1D3E5D	12	0.012	0.30257116620753	0.672002274237732	12
#1D3E5D	12	0.012	0.30494920192031	0.669880624426079	12
#1D3E5D	12	0.012	0.311753902662993	0.663115647657435	12
#1D3E5D	12	0.012	0.313592379605458	0.660697887970615	12
#1D3E5D	12	0.012	0.31968657587937	0.651515151515152	12
#1D3E5D	12	0.012	0.320936639118457	0.649316458429655	12
#1D3E5D	12	0.012	0.324233674436845	0.642332415059688	12
#1D3E5D	12	0.012	0.327820039000115	0.633149678604224	12
#1D3E5D	12	0.012	0.330119375573921	0.625821827152116	12
#1D3E5D	12	0.012	0.330638868246443	0.62396694214876	12
#1D3E5D	12	0.012	0.332633040144237	0.614784205693297	12
#1D3E5D	12	0.012	0.33403456551574	0.605601469237833	12
#1D3E5D	12	0.012	0.334848442549526	0.596418732782369	12
#1D3E5D	12	0.012	0.335059626459043	0.587235996326905	12
#1D3E5D	12	0.012	0.334632301825286	0.578053259871442	12
#1D3E5D	12	0.012	0.33350882567654	0.568870523415978	12
#1D3E5D	12	0.012	0.331608225402499	0.559687786960514	12
#1D3E5D	12	0.012	0.330119375573921	0.554697887716853	12
#1D3E5D	12	0.012	0.328668901239802	0.55050505050505	12
#1D3E5D	12	0.012	0.324395340069054	0.541322314049587	12
#1D3E5D	12	0.012	0.320936639118457	0.535569431503438	12
#1D3E5D	12	0.012	0.31829111017928	0.532139577594123	12
#1D3E5D	12	0.012	0.311753902662993	0.525244742628741	12
#1D3E5D	12	0.012	0.308545608551751	0.522956841138659	12
#1D3E5D	12	0.012	0.30257116620753	0.519296184271423	12
#1D3E5D	12	0.012	0.293388429752066	0.516400095906851	12
#1D3E5D	12	0.012	0.284205693296602	0.516147991365789	12
#1D3E5D	12	0.012	0.275022956841139	0.518490722845487	12
#1D3E5D	12	0.012	0.266842683222219	0.522956841138659	12
#1D3E5D	12	0.012	0.265840220385675	0.523569267680501	12
#1D3E5D	12	0.012	0.256763798542063	0.532139577594123	12
#1D3E5D	12	0.012	0.256657483930211	0.532256618839627	12
#1D3E5D	12	0.012	0.250479611845663	0.541322314049587	12
#1D3E5D	12	0.012	0.247474747474747	0.546699466727848	12
#1D3E5D	12	0.012	0.245724843560469	0.55050505050505	12
#1D3E5D	12	0.012	0.242333050133102	0.559687786960514	12
#1D3E5D	12	0.012	0.239752589602437	0.568870523415978	12
#1D3E5D	12	0.012	0.238292011019284	0.576119959850363	12
#1D3E5D	13	0.012	0.605601469237833	0.509291882825176	13
#1D3E5D	13	0.012	0.604191658705519	0.513774104683196	13
#1D3E5D	13	0.012	0.602660129424792	0.522956841138659	13
#1D3E5D	13	0.012	0.602503261078235	0.532139577594123	13
#1D3E5D	13	0.012	0.603738413019911	0.541322314049587	13
#1D3E5D	13	0.012	0.605601469237833	0.547805673208516	13
#1D3E5D	13	0.012	0.606634412616496	0.55050505050505	13
#1D3E5D	13	0.012	0.611985242929805	0.559687786960514	13
#1D3E5D	13	0.012	0.614784205693297	0.56329299858994	13
#1D3E5D	13	0.012	0.621599595527766	0.568870523415978	13
#1D3E5D	13	0.012	0.62396694214876	0.570472293124256	13
#1D3E5D	13	0.012	0.633149678604224	0.573101279418407	13
#1D3E5D	13	0.012	0.642332415059688	0.572071613619541	13
#1D3E5D	13	0.012	0.64842784337977	0.568870523415978	13
#1D3E5D	13	0.012	0.651515151515151	0.566893345020345	13
#1D3E5D	13	0.012	0.657798285987142	0.559687786960514	13
#1D3E5D	13	0.012	0.660697887970615	0.555309437897483	13
#1D3E5D	13	0.012	0.662970048235377	0.55050505050505	13
#1D3E5D	13	0.012	0.665985318973085	0.541322314049587	13
#1D3E5D	13	0.012	0.667677958799658	0.532139577594123	13
#1D3E5D	13	0.012	0.668057579194576	0.522956841138659	13
#1D3E5D	13	0.012	0.667083704809966	0.513774104683196	13
#1D3E5D	13	0.012	0.664657864159446	0.504591368227732	13
#1D3E5D	13	0.012	0.660697887970615	0.495601685013295	13
#1D3E5D	13	0.012	0.660572818774779	0.495408631772268	13
#1D3E5D	13	0.012	0.652148950165166	0.486225895316804	13
#1D3E5D	13	0.012	0.651515151515151	0.485695434275973	13
#1D3E5D	13	0.012	0.642332415059688	0.481890813662107	13
#1D3E5D	13	0.012	0.633149678604224	0.481870301717023	13
#1D3E5D	13	0.012	0.62396694214876	0.485277101306718	13
#1D3E5D	13	0.012	0.622674343863045	0.486225895316804	13
#1D3E5D	13	0.012	0.614784205693297	0.49310284328677	13
#1D3E5D	13	0.012	0.613005723689694	0.495408631772268	13
#1D3E5D	13	0.012	0.607527735573506	0.504591368227732	13
#1D3E5D	13	0.012	0.605601469237833	0.509291882825176	13
#1D3E5D	14	0.012	0.651515151515151	0.174404690492488	14
#1D3E5D	14	0.012	0.648332837829161	0.183195592286501	14
#1D3E5D	14	0.012	0.646439966416387	0.192378328741965	14
#1D3E5D	14	0.012	0.645972083236372	0.201561065197429	14
#1D3E5D	14	0.012	0.646955390738976	0.210743801652893	14
#1D3E5D	14	0.012	0.649430222183228	0.219926538108356	14
#1D3E5D	14	0.012	0.651515151515151	0.224796702748103	14
#1D3E5D	14	0.012	0.654025791345151	0.22910927456382	14
#1D3E5D	14	0.012	0.660697887970615	0.237538820804747	14
#1D3E5D	14	0.012	0.661626963628221	0.238292011019284	14
#1D3E5D	14	0.012	0.669880624426079	0.243831699503012	14
#1D3E5D	14	0.012	0.679063360881543	0.246754287967588	14
#1D3E5D	14	0.012	0.688246097337006	0.246661413212652	14
#1D3E5D	14	0.012	0.69742883379247	0.243634221943952	14
#1D3E5D	14	0.012	0.705589367634655	0.238292011019284	14
#1D3E5D	14	0.012	0.706611570247934	0.237537277350801	14
#1D3E5D	14	0.012	0.714313351882133	0.22910927456382	14
#1D3E5D	14	0.012	0.715794306703398	0.227217953891301	14
#1D3E5D	14	0.012	0.720164228816575	0.219926538108356	14
#1D3E5D	14	0.012	0.724631691441845	0.210743801652893	14
#1D3E5D	14	0.012	0.724977043158861	0.209774355507094	14
#1D3E5D	14	0.012	0.727392517968436	0.201561065197429	14
#1D3E5D	14	0.012	0.728933302141823	0.192378328741965	14
#1D3E5D	14	0.012	0.729105726971133	0.183195592286501	14
#1D3E5D	14	0.012	0.727650538618554	0.174012855831038	14
#1D3E5D	14	0.012	0.724977043158861	0.166726587694647	14
#1D3E5D	14	0.012	0.724066993606623	0.164830119375574	14
#1D3E5D	14	0.012	0.716787594571196	0.15564738292011	14
#1D3E5D	14	0.012	0.715794306703398	0.154766907340427	14
#1D3E5D	14	0.012	0.706611570247934	0.149372649514623	14
#1D3E5D	14	0.012	0.69742883379247	0.146769508937226	14
#1D3E5D	14	0.012	0.688246097337006	0.146691845162314	14
#1D3E5D	14	0.012	0.679063360881543	0.148947735264263	14
#1D3E5D	14	0.012	0.669880624426079	0.153419890646441	14
#1D3E5D	14	0.012	0.666808927663725	0.15564738292011	14
#1D3E5D	14	0.012	0.660697887970615	0.161152365031982	14
#1D3E5D	14	0.012	0.657594228736266	0.164830119375574	14
#1D3E5D	14	0.012	0.651688933782601	0.174012855831038	14
#1D3E5D	14	0.012	0.651515151515151	0.174404690492488	14
#132B43	15	0.014	0.256657483930211	0.583010269021991	15
#132B43	15	0.014	0.256000012573819	0.587235996326905	15
#132B43	15	0.014	0.255468594480601	0.596418732782369	15
#132B43	15	0.014	0.255813828159441	0.605601469237833	15
#132B43	15	0.014	0.256657483930211	0.611956323284897	15
#132B43	15	0.014	0.257168497815363	0.614784205693297	15
#132B43	15	0.014	0.260041054675092	0.62396694214876	15
#132B43	15	0.014	0.264260098852024	0.633149678604224	15
#132B43	15	0.014	0.265840220385675	0.635768608658327	15
#132B43	15	0.014	0.272792114611387	0.642332415059688	15
#132B43	15	0.014	0.275022956841139	0.644025880128152	15
#132B43	15	0.014	0.284205693296602	0.645855616265421	15
#132B43	15	0.014	0.293388429752066	0.642812698285271	15
#132B43	15	0.014	0.293965645185461	0.642332415059688	15
#132B43	15	0.014	0.30257116620753	0.633919238826688	15
#132B43	15	0.014	0.303073117314419	0.633149678604224	15
#132B43	15	0.014	0.307940476310647	0.62396694214876	15
#132B43	15	0.014	0.31164079221097	0.614784205693297	15
#132B43	15	0.014	0.311753902662993	0.614375206820365	15
#132B43	15	0.014	0.313599538729689	0.605601469237833	15
#132B43	15	0.014	0.314622579794469	0.596418732782369	15
#132B43	15	0.014	0.314699888628806	0.587235996326905	15
#132B43	15	0.014	0.313761835232974	0.578053259871442	15
#132B43	15	0.014	0.311753902662993	0.569092272213208	15
#132B43	15	0.014	0.311685417208286	0.568870523415978	15
#132B43	15	0.014	0.307192876816812	0.559687786960514	15
#132B43	15	0.014	0.30257116620753	0.553095046502061	15
#132B43	15	0.014	0.299287087261033	0.55050505050505	15
#132B43	15	0.014	0.293388429752066	0.546901722364767	15
#132B43	15	0.014	0.284205693296602	0.545872162718148	15
#132B43	15	0.014	0.275022956841139	0.549282151859131	15
#132B43	15	0.014	0.273580388875725	0.55050505050505	15
#132B43	15	0.014	0.265840220385675	0.558568028811946	15
#132B43	15	0.014	0.265145475618593	0.559687786960514	15
#132B43	15	0.014	0.260761208901485	0.568870523415978	15
#132B43	15	0.014	0.257668846262633	0.578053259871442	15
#132B43	15	0.014	0.256657483930211	0.583010269021991	15
